Year_1_Result,Year_2_Result
77.4,98.6
43.9,10.6
85.9,28.9
69.7,20.3
9.4,7.8
97.6,92.8
76.1,62.8
78.6,94.3
12.8,49.7
45.0,65.0
37.1,40.5
92.7,5.3
64.4,92.7
82.3,68.5
44.3,61.9
22.7,85.0
55.5,90.9
6.4,96.1
82.8,84.6
63.2,26.6
75.8,84.3
35.5,62.9
97.1,58.3
89.3,48.5
77.8,44.4
19.5,74.4
46.7,74.0
4.4,44.5
15.4,0.0
68.3,25.0
74.5,55.3
96.8,17.0
32.6,47.0
37.0,79.2
47.0,64.1
18.9,27.6
13.0,23.2
47.6,20.2
22.7,53.8
67.0,34.3
43.7,58.1
83.3,48.2
70.0,42.1
31.2,26.9
83.2,21.1
80.5,46.2
38.7,94.8
28.8,46.8
68.2,11.9
14.0,20.0
20.0,71.7
0.7,57.1
78.7,80.5
66.5,82.4
70.5,89.2
78.1,44.6
45.9,29.3
56.9,67.2
14.0,84.0
11.5,3.8
66.8,73.7
47.1,28.1
56.5,60.6
76.5,4.4
63.5,80.8
55.4,39.5
55.9,64.8
30.4,36.1
3.1,88.1
43.7,4.4
21.5,49.7
40.9,76.4
85.3,44.7
23.4,46.6
5.8,31.0
28.1,30.6
29.4,1.5
66.2,50.0
55.7,20.4
78.4,14.2
66.4,17.1
40.6,24.8
81.4,39.7
16.7,43.0
2.3,22.2
9.0,93.7
72.2,48.1
46.2,84.4
16.1,13.8
50.1,83.2
15.2,61.3
69.6,33.1
44.6,0.9
38.1,13.5
30.2,0.6
63.0,93.0
36.2,72.2
8.8,17.2
11.8,68.7
96.2,51.1
90.9,42.9
70.0,15.9
26.6,95.6
96.9,71.3
77.9,70.9
71.7,56.7
44.9,6.0
27.2,69.9
9.6,37.1
90.3,55.7
45.6,18.0
20.2,89.4
30.6,17.7
57.9,8.2
17.7,70.7
85.7,59.9
75.9,6.0
71.9,75.6
43.2,77.3
62.7,65.3
58.4,43.3
65.0,64.8
8.4,14.2
41.6,75.7
4.2,8.2
49.4,51.3
33.0,36.1
14.5,87.3
10.3,61.5
58.8,82.7
17.1,39.9
92.5,42.1
58.1,1.6
34.7,78.2
59.1,52.2
2.3,72.8
95.9,15.6
48.2,2.3
78.3,97.4
8.3,87.0
48.7,31.2
49.1,31.3
93.8,71.2
57.2,31.9
47.3,72.6
26.7,44.4
33.2,29.4
52.1,20.0
43.9,16.1
2.2,81.9
82.6,5.9
89.6,53.3
14.0,80.2
55.4,99.9
10.9,14.4
67.2,16.8
28.1,87.8
65.9,33.8
72.7,98.7
76.9,18.3
10.8,52.9
91.6,58.9
23.0,80.1
3.7,69.7
55.5,97.5
37.1,49.1
83.0,77.1
80.8,94.5
31.7,95.4
95.3,82.2
29.1,77.5
51.5,79.4
25.6,55.1
93.6,85.3
16.5,95.0
4.5,18.4
43.5,44.7
99.2,5.9
89.2,78.8
74.9,54.1
89.1,19.4
89.3,69.3
51.9,47.9
31.6,18.0
77.2,54.8
66.2,62.0
37.4,27.8
9.4,66.6
74.7,65.2
26.2,1.8
93.7,22.3
24.1,33.1
12.3,30.0
83.1,43.3
15.3,38.2
17.9,10.7
59.9,71.6
87.5,97.2
19.6,70.8
31.0,57.9
77.7,59.9
97.2,42.3
50.1,89.2
14.4,95.0
1.4,73.3
23.0,82.7
13.2,74.9
67.8,17.7
12.2,81.4
50.6,83.2
69.4,41.9
58.1,0.7
20.0,21.3
80.4,51.4
71.5,67.8
73.9,54.9
13.1,12.1
12.4,99.9
92.8,70.4
39.8,7.3
30.1,29.6
48.9,89.9
66.3,44.6
95.6,66.0
28.6,96.3
92.5,82.8
2.5,30.1
55.5,44.5
63.4,36.4
10.6,56.3
14.0,70.5
41.9,64.8
96.6,24.2
59.6,78.5
93.3,23.6
80.4,19.0
46.7,54.2
78.5,75.3
1.8,97.6
10.9,24.7
82.9,16.9
79.7,90.5
23.3,29.8
53.1,34.1
60.6,10.9
86.8,44.4
60.3,30.7
41.3,92.4
37.4,69.7
42.6,24.1
65.2,21.1
86.7,52.8
45.4,13.6
24.8,43.2
23.7,16.3
74.6,14.4
81.7,65.6
10.5,85.5
6.7,71.5
59.4,28.0
14.6,73.7
82.5,44.4
31.0,62.4
14.4,24.2
92.1,69.4
16.6,71.4
28.5,3.6
15.4,61.9
11.5,17.0
2.1,33.9
5.5,31.1
17.5,65.7
5.3,6.8
59.1,91.8
68.1,61.9
39.4,36.1
31.8,77.2
50.5,35.2
87.5,95.6
85.1,45.5
4.3,72.5
18.1,27.7
23.7,26.6
24.9,53.6
57.1,34.9
41.6,94.7
4.9,89.9
37.4,85.9
52.4,52.0
10.2,91.6
83.3,29.0
5.2,72.1
92.5,54.1
9.9,14.5
84.4,73.9
90.3,0.8
98.0,58.0
80.2,21.5
77.9,8.3
64.2,83.5
77.9,59.2
13.5,45.1
53.6,95.6
51.4,35.2
85.8,90.6
46.3,60.9
38.5,93.8
64.0,3.3
26.6,36.9
14.0,50.9
47.8,43.6
41.7,68.1
23.3,81.1
36.8,75.0
36.6,39.0
32.7,6.4
37.9,77.1
68.6,83.8
29.7,84.9
94.9,67.2
91.6,29.3
48.1,61.3
32.8,14.2
53.5,66.9
84.9,15.7
65.3,12.0
80.4,47.0
53.3,7.1
63.3,66.7
28.8,59.7
73.5,33.5
20.2,71.2
69.5,33.1
86.1,54.8
13.2,50.1
61.4,76.6
9.5,0.9
72.6,74.0
8.4,22.6
93.6,84.1
13.7,20.9
95.9,79.7
80.1,52.5
59.4,82.5
78.3,64.0
79.5,19.3
94.6,84.0
25.3,85.0
59.0,54.9
9.5,38.3
61.6,64.7
17.1,57.8
56.5,30.4
57.2,32.6
46.6,4.6
52.3,25.5
76.4,37.5
79.9,55.1
49.2,8.3
60.0,42.7
93.1,71.8
12.0,25.1
11.7,68.3
8.8,59.5
65.8,90.3
41.9,96.5
77.4,44.5
67.1,72.5
33.4,30.7
89.8,41.3
76.3,16.3
27.1,44.4
36.4,43.0
31.4,95.8
15.8,18.5
14.8,21.4
93.6,17.7
43.8,87.4
38.3,19.5
73.0,89.6
55.3,92.7
93.6,90.1
78.0,96.8
47.9,4.6
37.6,46.5
98.7,76.0
71.8,84.7
95.1,29.1
11.8,91.9
85.1,11.9
63.7,71.3
12.2,38.0
58.8,20.1
68.6,89.9
1.2,71.4
45.4,83.8
82.5,10.8
29.5,2.5
45.9,64.6
44.2,1.8
30.2,50.7
91.8,65.5
78.1,17.6
11.1,86.0
99.7,30.0
87.9,58.8
28.4,17.1
83.7,28.7
10.6,15.2
99.9,75.0
66.6,15.4
65.0,61.5
9.0,19.7
89.7,79.6
2.9,64.5
24.1,53.8
14.3,85.7
77.7,59.9
19.8,42.5
91.1,17.4
65.6,48.1
3.6,98.6
0.5,70.8
5.2,10.6
60.6,94.7
80.1,28.7
23.9,75.8
84.9,5.7
5.7,20.1
80.1,30.0
92.8,26.7
77.2,86.3
69.8,0.5
83.8,52.7
4.0,15.4
20.2,14.9
12.5,6.5
50.5,50.8
74.5,16.3
63.0,71.2
85.1,55.2
15.5,18.4
73.5,75.0
19.3,19.0
27.1,9.0
71.0,45.2
98.0,94.5
61.2,95.8
5.5,32.6
61.6,91.7
4.2,9.7
88.4,38.0
71.0,23.4
17.3,95.5
9.2,56.4
18.4,44.3
98.0,4.9
45.9,18.5
78.4,8.5
63.6,39.2
57.2,88.3
14.5,81.7
94.6,9.9
30.1,29.4
57.8,62.3
70.0,2.9
64.9,59.7
94.1,41.6
14.8,23.6
50.8,80.6
40.4,56.1
47.4,84.0
11.9,51.4
13.4,56.1
27.8,18.6
30.5,54.8
42.8,23.0
61.1,64.2
63.5,68.0
41.2,30.4
40.9,41.9
21.8,99.4
58.8,16.9
31.7,81.6
3.6,69.4
41.8,81.0
47.4,61.5
22.6,23.0
57.2,26.5
56.6,61.9
70.2,23.3
64.8,93.7
65.2,97.5
31.6,80.4
78.7,7.6
54.9,59.5
43.1,54.0
62.6,92.2
36.1,72.5
51.3,34.3
73.7,52.4
88.6,59.6
92.1,54.7
50.4,14.7
52.0,91.7
80.0,31.2
31.4,64.2
83.7,97.3
49.4,97.2
11.6,4.3
7.2,63.4
84.2,93.0
5.6,83.3
28.1,79.5
33.4,58.3
17.3,17.7
31.4,57.2
74.3,58.4
1.5,82.0
82.7,45.4
85.7,50.1
37.2,65.1
15.4,26.0
60.1,64.8
12.0,92.9
36.5,67.9
95.8,4.7
99.5,38.0
77.2,85.8
31.1,92.6
68.8,59.1
70.5,65.7
38.8,16.5
64.1,46.7
1.1,33.4
20.9,63.3
52.5,84.4
16.4,61.6
16.6,55.3
83.6,44.2
98.9,30.8
55.6,2.0
83.9,31.1
99.0,30.2
14.2,12.1
44.8,42.8
39.3,31.2
8.0,55.1
75.5,90.7
43.4,99.7
46.9,89.9
15.1,83.7
18.1,4.3
90.7,50.8
4.5,13.9
23.3,76.6
29.2,18.1
49.0,73.3
58.6,46.1
49.3,85.5
8.4,8.5
24.4,56.5
84.4,3.2
63.8,10.7
64.9,58.9
67.0,70.4
76.3,11.9
5.8,65.1
36.7,90.1
54.0,44.0
33.8,93.0
84.4,74.1
48.3,55.6
76.9,82.7
85.2,6.6
50.5,34.2
91.0,34.1
58.7,96.4
85.0,36.6
34.1,64.3
49.9,53.2
53.1,14.8
10.5,89.9
39.9,90.1
91.7,75.7
63.1,0.3
17.8,2.1
33.9,14.3
19.2,20.9
2.5,15.6
92.7,65.6
44.8,80.0
30.8,9.7
59.8,9.5
0.7,50.5
27.8,6.7
70.3,27.7
63.4,31.1
98.2,20.0
62.0,68.6
47.8,2.3
76.1,99.4
90.3,36.4
72.1,41.7
96.3,11.9
78.2,62.4
86.7,50.6
11.4,60.2
73.2,30.5
44.0,56.2
55.3,88.0
65.4,1.0
97.0,46.3
98.5,67.7
28.8,3.4
73.4,30.3
75.0,75.1
34.6,32.9
12.4,68.6
4.1,46.8
77.7,48.7
49.0,9.9
98.6,90.9
46.5,56.1
97.8,77.8
41.2,35.5
79.4,30.9
8.5,12.7
55.5,87.7
80.2,88.9
92.5,4.1
82.3,47.7
3.7,0.5
37.3,11.7
4.9,83.5
10.9,28.0
67.5,60.4
71.3,31.0
77.4,54.8
86.5,66.5
73.9,16.0
80.1,71.3
4.9,40.9
23.5,7.9
62.2,7.6
85.8,17.1
0.5,95.7
51.5,23.4
67.7,26.6
3.0,97.5
40.1,24.1
89.6,56.3
67.2,13.1
23.8,100.0
85.3,51.4
34.8,25.6
85.3,19.6
29.9,88.1
59.0,6.0
39.7,89.9
27.5,56.3
88.7,60.9
18.8,84.6
8.5,47.2
34.2,51.5
71.8,22.2
80.7,41.4
99.9,62.0
29.6,36.5
40.8,70.3
13.7,28.3
57.5,33.4
99.8,63.5
70.1,52.8
59.5,81.8
39.2,24.3
91.5,29.8
49.7,73.7
13.4,21.4
36.5,67.7
6.7,39.3
20.2,85.5
1.8,81.9
45.3,1.6
63.5,92.0
34.3,29.4
42.0,64.3
95.9,4.4
75.2,45.2
54.1,19.6
28.5,45.6
89.7,12.0
23.5,11.3
32.5,22.1
90.9,94.1
53.0,19.8
74.2,0.1
59.1,3.5
65.3,29.7
29.9,42.7
24.1,80.4
32.2,74.3
15.5,6.7
87.4,74.4
28.3,59.9
56.1,50.3
79.2,81.9
78.4,53.9
43.8,64.8
47.6,51.9
99.5,2.2
67.5,45.0
81.5,10.6
90.3,67.1
78.8,60.9
18.5,37.7
56.2,42.3
10.2,84.1
65.3,14.9
95.5,41.4
51.3,25.7
43.3,74.7
3.6,37.4
96.0,98.8
10.3,2.4
4.1,66.7
24.6,4.2
6.6,99.8
45.5,49.5
51.6,66.5
31.3,79.0
5.1,9.1
11.2,52.1
38.5,48.1
6.1,43.5
69.8,38.8
20.7,88.2
30.2,49.8
39.4,98.5
41.7,85.7
0.2,67.8
11.2,25.1
86.3,22.2
0.1,9.6
50.8,55.7
49.0,9.7
33.3,46.1
43.1,14.9
78.1,5.2
84.1,54.0
26.0,38.6
32.2,13.1
24.2,65.7
48.0,39.0
68.3,31.5
22.8,10.4
33.1,60.1
93.0,76.5
4.9,93.3
46.1,62.9
71.2,99.2
15.0,74.5
4.7,89.2
13.8,37.4
91.9,46.4
0.9,30.5
18.8,18.0
3.1,93.7
11.1,27.7
62.0,44.6
24.2,29.4
56.9,22.2
59.0,18.9
84.9,10.1
0.5,87.2
85.3,0.1
61.9,87.7
16.3,8.5
77.3,22.0
85.5,68.2
25.4,82.8
91.9,96.6
45.4,44.0
60.3,79.9
98.5,13.2
36.2,23.7
81.3,23.4
31.8,54.8
79.9,22.3
60.1,71.9
21.6,50.8
41.4,1.7
31.8,6.2
7.8,43.6
3.0,40.5
34.6,90.5
1.9,15.1
16.5,18.7
72.5,33.3
70.8,41.7
73.9,73.7
31.7,52.5
89.0,13.5
59.4,93.3
12.6,11.9
14.4,4.3
69.3,55.8
17.3,12.9
50.7,92.4
99.2,88.6
0.4,66.9
1.7,79.6
99.3,80.4
58.5,57.0
12.7,46.1
89.7,23.7
88.0,16.7
53.6,70.1
62.2,19.9
27.3,92.9
5.1,16.1
59.5,27.4
29.5,54.2
66.4,2.8
83.6,77.8
1.8,15.5
59.6,93.9
23.1,90.0
87.4,18.7
25.4,19.3
61.1,5.6
55.4,30.6
39.6,16.2
67.8,22.1
72.6,70.5
56.7,34.2
75.8,91.6
98.3,3.2
41.9,36.3
51.5,31.4
1.2,94.7
79.6,61.3
52.0,93.3
40.8,44.4
9.4,19.3
89.0,53.9
39.5,16.9
68.3,62.5
14.9,60.1
96.2,86.6
17.8,69.7
20.0,5.9
85.9,66.2
91.3,66.2
21.2,43.3
47.0,3.5
73.3,86.6
87.8,81.8
37.9,70.7
51.7,60.2
74.2,51.9
73.1,41.4
78.3,80.7
57.0,18.6
10.5,83.4
90.4,52.3
86.6,32.3
79.8,81.4
10.0,85.1
20.4,16.2
74.4,32.9
2.3,8.3
97.9,41.6
37.7,29.7
71.9,40.0
88.8,14.0
39.5,78.1
31.9,89.6
60.9,41.4
58.1,28.0
40.9,54.6
60.2,88.5
93.5,16.5
46.8,6.4
19.7,67.7
37.7,40.3
39.4,45.1
13.1,23.8
16.3,50.8
68.5,15.3
33.9,57.4
95.5,50.0
24.4,22.5
9.9,95.8
75.4,65.1
88.1,88.7
27.8,19.9
20.2,78.7
18.6,35.4
52.2,51.0
46.8,25.5
25.9,18.0
4.5,1.1
48.1,55.6
95.9,63.6
65.3,31.0
49.6,10.2
11.1,15.1
25.2,6.9
29.5,92.3
76.5,0.2
87.7,28.1
90.2,89.5
98.5,60.2
98.2,94.5
95.3,54.1
7.2,27.3
13.8,58.8
30.4,81.6
55.3,88.9
9.7,10.4
84.6,89.7
61.7,85.4
54.2,69.5
16.5,31.4
25.3,49.5
16.0,25.9
85.2,32.4
58.4,76.1
73.5,32.8
29.6,88.4
37.1,31.2
40.5,68.8
76.0,21.9
77.2,97.3
20.7,54.4
94.2,1.9
12.1,96.6
89.6,34.8
10.0,59.5
26.5,35.0
84.6,25.4
17.9,54.4
41.4,42.2
45.0,47.2
24.5,30.7
71.0,65.4
85.1,0.7
87.5,65.7
33.9,80.0
53.1,55.2
24.8,62.2
24.5,10.5
16.1,52.7
94.0,27.9
88.8,25.1
77.7,25.5
51.8,13.8
49.1,57.1
53.0,78.5
53.7,62.4
43.5,53.0
13.2,2.5
12.6,84.9
95.2,54.9
48.2,45.3
95.3,2.5
16.4,38.7
55.4,80.7
20.8,80.6
25.3,60.3
3.0,99.4
11.9,58.5
91.7,53.8
32.2,0.4
60.8,18.5
46.5,49.6
40.0,80.1
53.2,97.6
18.7,25.2
98.9,5.6
81.8,45.0
74.2,78.4
46.9,4.8
15.3,51.2
92.1,74.3
34.1,28.0
5.0,9.8
34.2,13.8
79.4,92.9
62.3,82.3
75.1,49.4
79.4,89.4
21.2,62.4
92.4,81.7
43.8,34.9
63.9,64.4
0.2,68.0
99.3,86.3
28.1,16.9
6.2,48.2
45.8,11.2
12.9,50.7
15.2,89.3
63.2,55.7
39.3,36.8
92.2,95.8
31.9,32.9
72.6,11.1
46.1,17.3
66.0,65.7
60.0,89.5
47.3,37.4
95.0,52.0
34.3,44.3
17.7,35.4
67.8,70.8
84.6,64.9
4.0,54.3
45.0,95.0
89.2,91.9
75.0,69.2
99.2,1.2
53.1,31.4
66.0,2.8
30.2,26.9
94.8,26.7
36.6,10.1
73.9,95.6
40.3,72.7
56.2,32.8
72.0,98.7
50.9,46.2
90.7,21.5
41.9,18.2
64.7,62.7
34.2,8.9
40.8,24.3
44.0,40.2
12.6,91.3
9.2,89.9
66.7,53.0
65.6,28.4
66.3,70.3
2.0,48.7
32.7,13.6
19.8,40.5
77.8,33.9
86.1,76.9
24.7,64.8
66.8,69.6
12.9,88.8
27.5,11.3
13.9,1.6
28.4,84.4
67.5,44.3
91.0,97.8
20.3,13.6
54.2,21.6
70.1,77.2
95.3,2.5
61.0,83.8
25.5,7.4
62.5,47.8
32.0,70.8
97.6,89.8
40.0,88.3
68.5,37.5
2.3,25.3
40.0,91.5
87.5,25.5
61.0,14.2
44.4,66.4
93.6,38.0
85.4,36.0
32.2,50.9
54.5,81.6
49.0,37.8
63.2,1.8
33.4,50.1
24.4,88.3
91.3,60.4
92.4,46.4
84.3,88.7
97.8,26.7
74.5,18.6
76.5,72.3
76.3,54.6
48.1,80.4
45.6,36.0
24.0,17.4
64.5,41.3
28.9,68.0
25.8,90.9
58.6,97.5
41.0,32.4
21.9,96.9
81.6,44.4
86.1,53.0
16.8,30.2
0.8,49.8
33.6,48.1
79.8,18.8
83.9,72.7
13.8,5.4
77.4,97.7
11.6,2.5
39.0,38.1
99.9,65.0
19.3,68.3
15.4,56.8
42.3,91.5
62.0,54.7
93.3,37.9
98.1,11.3
7.0,84.1
13.8,23.3
79.1,89.6
27.1,43.6
88.5,12.4
66.3,17.2
11.2,35.9
83.3,94.5
17.6,62.0
42.3,92.9
55.2,85.7
50.1,66.4
68.6,26.1
65.3,18.1
99.2,0.1
99.9,82.5
51.6,35.8
9.5,4.4
72.8,7.5
97.7,1.6
31.8,30.0
46.1,38.0
42.5,18.8
5.1,48.0
67.2,55.1
35.3,20.5
78.7,91.0
83.2,0.1
82.1,67.6
41.7,46.0
32.2,70.0
74.9,94.7
80.1,32.1
49.1,3.7
89.3,56.0
14.4,1.5
87.9,93.1
9.6,51.9
15.4,12.8
53.4,25.9
6.8,5.9
5.3,62.6
0.1,78.6
43.6,72.4
77.5,35.6
3.5,92.7
65.2,35.8
82.3,72.7
16.8,5.6
14.7,67.4
86.1,73.9
82.3,24.6
53.9,45.1
81.9,13.3
9.3,77.3
39.4,15.0
73.8,89.1
25.7,71.2
75.2,38.5
50.4,75.3
75.0,49.2
46.5,51.6
36.8,27.6
21.9,81.2
20.8,46.2
75.1,41.9
11.9,68.4
8.6,63.4
17.6,76.4
17.5,27.3
82.3,97.7
39.9,26.0
99.0,7.9
13.7,18.2
65.4,97.7
44.9,51.4
39.3,70.8
87.5,27.1
97.6,11.5
87.3,49.8
19.2,8.8
22.1,33.3
65.6,43.5
28.9,70.0
73.5,26.5
56.6,71.3
55.1,91.7
82.9,58.7
71.1,30.3
2.7,95.9
4.9,3.4
60.2,94.0
48.6,85.5
26.0,36.3
41.9,87.0
75.8,96.3
82.7,21.0
56.1,71.0
38.5,68.6
27.1,65.8
52.2,89.6
31.5,82.9
56.4,91.1
67.7,11.3
6.6,37.7
0.1,41.3
21.2,49.4
89.5,29.8
64.6,56.1
17.2,40.2
89.0,82.5
47.0,20.5
47.6,67.1
93.6,94.9
5.9,43.0
21.5,65.7
58.6,40.8
19.5,68.9
68.0,80.4
21.4,47.2
9.9,21.9
20.7,12.7
42.3,72.3
17.6,10.3
13.5,12.8
86.0,84.2
32.0,88.1
36.1,22.0
5.5,40.5
35.7,77.1
26.5,72.7
61.0,49.7
20.5,37.0
88.8,33.0
93.0,90.5
10.0,41.8
10.7,1.7
11.5,6.1
62.0,30.9
12.2,93.2
85.2,4.7
75.4,40.2
82.0,0.5
52.6,23.8
99.7,96.2
4.4,2.8
40.1,49.8
32.4,53.1
94.9,85.2
57.7,23.4
80.6,40.7
17.0,1.9
97.9,10.2
49.9,1.8
49.4,35.6
97.1,71.0
38.1,63.7
39.8,54.4
58.5,48.6
12.8,35.6
32.1,11.5
19.3,11.8
10.3,40.6
86.6,81.3
58.9,7.0
35.9,35.4
40.9,43.9
43.2,48.4
63.3,89.7
92.7,47.6
93.3,6.9
39.1,94.6
32.9,55.3
45.1,25.0
56.8,26.2
46.2,69.5
65.9,31.9
55.4,30.5
32.1,47.2
34.6,48.0
37.9,65.1
9.5,6.3
16.6,32.3
72.3,12.0
38.9,36.9
21.5,8.2
56.3,85.8
75.6,50.7
25.7,40.5
82.7,44.5
92.8,53.3
59.7,73.7
66.9,58.1
5.3,55.8
94.6,74.2
39.2,33.9
92.4,15.4
57.9,23.0
0.5,47.2
3.9,55.9
68.0,72.7
56.3,7.3
2.7,32.7
74.3,52.8
85.2,29.1
49.6,78.8
46.6,51.0
0.5,28.5
78.7,89.5
33.1,10.9
87.9,9.4
37.3,37.6
56.5,74.4
27.0,23.5
16.1,64.7
77.5,38.8
49.7,73.1
53.6,91.0
96.5,75.8
96.4,56.4
85.6,2.0
18.8,70.6
59.4,9.6
87.8,74.6
37.4,49.7
10.1,72.1
81.1,71.9
48.2,1.5
56.4,57.8
98.2,29.0
60.7,70.9
42.5,79.5
37.0,2.6
41.8,38.7
11.8,93.6
79.5,20.5
83.8,15.8
28.4,31.3
30.4,35.4
87.4,72.0
2.4,74.7
52.0,90.9
46.4,17.9
69.0,75.7
16.3,68.0
66.8,89.0
37.7,79.8
61.9,29.4
4.0,35.2
46.2,27.1
52.2,69.6
21.4,70.9
14.0,30.2
18.8,60.2
34.4,86.1
9.7,79.3
94.7,18.0
40.5,86.2
80.9,21.2
97.4,29.0
8.1,7.0
65.2,2.5
87.1,20.8
63.4,48.6
42.9,51.5
43.1,45.4
3.6,74.6
53.5,69.6
99.4,25.5
95.9,54.9
4.0,60.0
70.6,23.1
30.2,100.0
90.3,42.0
4.5,77.5
93.6,52.7
83.7,80.5
11.8,10.6
6.0,12.6
83.5,55.8
15.6,62.5
53.5,45.3
91.6,23.9
56.7,29.4
39.7,53.1
44.5,64.0
6.3,41.8
96.9,80.7
31.1,69.9
18.9,70.2
28.6,20.0
96.4,38.1
9.4,18.3
86.7,1.0
70.8,8.7
83.0,9.7
97.6,53.0
84.2,79.4
94.3,95.5
12.7,71.3
79.6,6.6
54.6,93.4
54.3,19.7
89.9,50.1
97.2,71.3
70.5,46.4
48.3,56.3
45.6,71.2
38.6,83.0
36.2,75.4
39.2,73.2
9.0,95.6
7.7,99.1
78.0,59.0
44.6,25.9
93.1,82.6
61.2,2.0
3.5,5.9
15.8,45.0
20.6,18.8
97.6,58.1
21.9,90.5
51.6,43.4
93.6,68.0
97.7,32.8
23.6,44.7
4.9,78.7
15.4,43.2
6.3,71.3
19.5,61.8
56.9,84.9
91.2,38.7
53.7,7.4
62.6,1.6
20.2,77.5
80.1,40.7
61.8,2.3
86.4,26.1
94.9,85.2
34.8,78.1
9.1,82.8
22.6,70.6
43.8,75.4
94.6,95.8
37.8,75.0
77.1,75.8
54.0,32.2
18.3,77.4
32.1,30.0
65.3,22.5
67.3,80.8
43.5,26.2
22.9,25.5
72.2,41.0
16.9,90.0
93.7,45.4
18.8,68.2
10.7,1.8
49.8,59.0
52.0,34.2
50.8,26.7
43.7,97.0
99.5,29.4
48.6,31.2
47.8,50.8
42.2,63.0
6.7,66.5
59.3,97.9
22.8,99.1
63.8,94.1
5.1,29.0
98.1,38.0
46.9,71.8
89.7,75.5
47.6,38.9
6.0,88.6
82.2,24.1
64.8,40.7
78.2,90.0
42.8,91.1
63.8,53.8
85.6,66.3
63.1,39.0
34.8,48.9
66.3,4.8
67.2,98.7
96.1,89.8
37.1,6.6
42.5,17.6
81.2,64.4
50.6,33.0
73.7,90.3
46.0,28.3
21.5,97.7
74.5,56.0
13.1,58.2
19.9,82.0
62.7,62.5
74.7,30.2
89.5,64.6
27.3,4.2
11.1,6.8
95.6,32.5
15.4,78.1
19.8,25.8
29.1,73.9
52.9,17.4
88.3,56.1
76.1,42.5
70.8,59.7
17.5,53.7
35.8,70.6
47.8,90.4
14.7,4.8
27.3,87.0
30.8,6.9
12.7,16.8
55.0,16.9
70.5,40.1
7.0,37.7
48.1,32.4
78.2,37.7
74.8,97.1
81.5,59.3
44.8,32.3
82.1,12.8
24.1,21.2
36.1,41.9
17.6,26.0
46.7,50.8
39.2,35.4
24.1,38.8
75.2,99.1
31.4,94.4
27.3,35.8
13.1,89.6
43.9,23.3
30.3,19.5
36.9,63.1
23.6,43.0
76.3,37.1
93.0,3.3
49.8,58.3
64.3,64.6
86.7,91.5
99.9,6.2
61.4,45.9
89.0,38.1
90.9,62.1
79.1,59.3
46.1,49.3
8.1,78.4
1.6,99.0
47.7,58.7
49.4,16.0
40.7,57.9
56.8,72.2
55.2,79.4
83.7,96.2
10.9,14.2
22.5,63.1
79.3,97.6
84.8,11.4
99.5,18.7
87.3,97.8
89.0,11.0
31.4,69.6
40.2,46.1
26.8,67.3
60.6,49.4
93.9,90.8
34.5,57.0
55.7,42.7
29.6,99.9
17.0,13.8
19.5,26.1
5.8,47.2
94.9,18.7
40.3,93.8
83.4,52.7
68.1,17.2
19.2,71.2
17.5,92.1
81.2,86.5
26.5,40.9
91.3,90.1
14.0,83.3
67.8,86.3
81.4,21.4
23.5,42.0
27.6,84.5
96.5,87.2
26.5,57.4
43.0,83.3
43.3,36.2
25.3,72.1
77.6,11.7
77.2,26.9
37.8,10.7
83.5,52.5
21.3,49.1
0.4,64.6
57.1,83.1
99.4,31.6
3.9,61.0
20.8,80.4
51.9,16.4
81.0,14.0
8.9,64.8
39.5,74.4
74.7,30.7
37.2,18.6
18.9,2.4
19.5,67.0
41.0,11.8
47.9,94.6
86.2,76.0
64.2,26.4
69.0,0.2
98.3,70.7
41.2,18.2
40.3,6.5
92.3,54.5
24.6,93.0
73.0,55.7
75.5,5.9
9.8,26.0
46.8,47.0
20.1,74.5
18.5,38.0
46.4,21.6
28.9,24.7
79.6,48.8
90.8,89.0
80.3,28.3
26.6,15.2
27.4,28.5
25.5,8.1
13.5,4.1
94.4,84.4
40.2,86.5
22.5,64.3
84.7,0.8
39.9,82.5
3.5,5.9
16.2,41.6
63.9,13.3
78.3,67.0
21.1,24.1
91.7,74.1
85.1,55.1
84.8,95.2
22.8,60.9
5.1,10.4
86.7,40.7
30.6,14.7
61.9,51.6
76.0,94.5
12.8,30.0
78.1,90.1
93.9,91.3
72.8,3.4
44.1,75.5
87.7,48.3
52.7,39.2
74.5,51.7
82.1,44.7
74.9,70.1
28.8,31.7
11.8,37.1
23.8,13.4
50.3,13.4
50.5,39.3
58.3,6.6
39.5,1.3
78.7,6.2
91.3,4.2
24.7,66.5
73.7,52.0
67.8,67.5
52.3,7.6
18.9,27.5
79.5,45.0
96.1,69.7
72.2,43.0
91.8,22.3
98.4,25.4
35.2,96.2
63.8,81.8
47.4,31.8
98.7,65.9
9.4,52.7
41.2,13.2
87.6,69.0
28.4,22.7
78.8,7.3
38.3,16.2
98.0,36.7
88.4,54.6
30.1,83.1
77.0,48.3
33.7,70.9
60.6,58.6
65.8,42.9
83.0,0.5
2.4,86.4
22.0,80.3
71.2,75.5
56.4,38.5
49.6,61.5
5.5,28.5
34.8,20.5
86.5,84.2
3.1,31.6
39.6,6.1
94.5,60.9
5.1,55.7
75.0,42.7
25.8,79.5
86.7,98.3
74.6,83.7
88.6,75.9
21.6,38.2
53.1,20.2
77.9,62.3
24.6,30.1
23.1,71.9
2.7,41.9
95.9,90.1
71.0,92.8
63.6,14.4
74.4,55.7
53.2,40.3
47.6,57.7
45.0,38.1
64.0,52.4
20.2,73.2
88.8,6.9
81.2,48.2
35.0,99.9
57.9,17.0
14.1,71.4
97.2,33.7
90.3,29.8
92.2,27.2
33.2,3.3
16.9,79.8
21.2,55.0
9.0,42.2
12.0,98.3
7.1,98.1
99.0,96.2
7.4,11.7
13.3,59.0
82.7,74.1
58.0,36.1
77.4,26.4
63.1,56.4
88.2,95.2
63.8,26.5
52.2,54.3
71.3,6.8
44.7,17.6
34.6,97.4
46.8,64.3
17.0,82.1
79.7,35.2
26.1,35.2
15.4,85.5
24.6,96.8
84.2,62.2
33.0,65.2
68.6,71.0
85.6,74.4
7.8,34.0
76.5,99.0
30.8,49.5
21.7,74.1
68.9,75.0
91.0,86.7
29.5,92.3
56.9,93.5
29.0,23.9
55.4,63.4
62.2,75.1
61.0,91.3
62.4,23.1
13.5,58.8
69.4,97.9
67.5,10.5
68.3,1.8
7.4,97.9
44.7,89.3
40.9,21.6
8.7,22.9
22.2,72.9
44.1,26.4
74.3,61.8
23.7,37.0
83.0,9.9
54.6,44.5
76.0,94.7
47.3,51.8
49.9,77.1
62.0,36.6
92.8,43.7
49.2,21.1
52.9,71.9
60.2,52.9
73.8,89.8
7.2,65.8
51.6,96.2
48.2,38.6
92.2,8.5
49.4,88.3
46.8,4.1
96.2,24.2
45.1,29.9
18.1,94.6
21.7,50.9
9.5,63.2
0.1,36.9
43.2,60.6
76.9,25.7
73.3,41.2
3.2,87.9
57.0,89.6
15.4,24.0
94.1,44.4
16.7,33.2
62.7,95.2
32.6,48.3
64.2,41.4
41.2,18.3
76.0,41.9
23.1,90.2
90.6,59.3
50.0,65.3
75.6,70.0
85.0,57.4
99.9,65.2
22.4,37.7
28.7,94.4
25.0,10.0
26.3,19.9
58.2,62.8
99.4,62.6
99.0,36.6
52.7,97.6
63.9,77.0
86.0,27.6
93.3,22.9
20.4,41.6
52.9,3.6
83.3,34.2
30.3,17.7
44.0,54.4
98.6,23.0
98.5,98.3
90.6,98.7
79.8,8.2
26.9,13.6
32.1,5.6
54.7,97.3
56.1,12.8
50.6,72.9
63.7,19.5
40.8,0.7
74.9,33.7
33.4,63.8
33.1,22.0
12.7,11.9
18.9,34.8
85.1,59.9
44.6,50.7
22.8,47.9
75.9,9.3
55.4,97.3
2.1,64.7
31.6,3.4
17.7,45.4
65.6,51.2
27.5,49.9
6.5,23.4
5.5,51.8
58.2,7.5
2.2,26.9
84.9,82.7
15.5,41.5
60.7,27.3
44.5,86.4
44.3,4.0
7.2,10.6
80.3,81.9
89.3,8.4
1.1,75.9
17.9,32.2
90.4,3.5
54.9,37.6
15.0,62.1
20.3,3.5
66.0,26.8
72.5,19.3
59.9,74.8
95.3,52.3
49.4,41.1
30.0,88.0
47.7,39.2
36.0,8.1
22.4,56.6
4.6,9.0
35.2,39.3
71.1,38.6
1.8,18.4
43.9,57.3
64.4,26.0
61.0,17.2
77.7,69.8
81.1,10.6
71.2,7.4
10.3,58.0
47.5,40.1
60.3,58.3
24.6,71.4
4.3,3.9
22.4,67.9
45.5,44.6
41.4,9.5
17.7,29.1
82.4,93.1
92.6,85.3
20.1,53.3
93.0,68.4
1.8,29.3
92.5,99.4
95.2,94.9
1.2,16.3
76.3,81.8
97.0,5.9
90.6,74.2
97.1,78.7
55.0,6.1
7.8,31.5
85.0,54.2
61.4,32.0
61.5,72.4
41.7,29.3
57.2,86.5
15.4,92.2
74.0,58.1
7.5,51.0
73.0,97.0
84.9,70.8
47.2,1.5
51.0,61.6
31.2,5.7
96.9,77.7
73.3,2.1
36.9,74.0
17.5,44.2
22.0,66.2
46.4,69.5
94.3,57.4
73.4,97.0
21.5,67.8
86.0,50.9
37.8,53.1
85.2,15.8
24.2,19.6
61.9,90.9
92.7,3.6
25.8,32.4
69.3,86.8
98.7,85.5
15.1,37.1
8.8,16.1
67.4,79.8
34.0,34.9
7.1,100.0
47.5,42.2
75.4,35.7
28.5,23.8
33.5,20.4
84.6,42.7
52.0,34.1
84.3,73.8
44.6,81.7
95.3,10.4
65.1,0.1
11.6,18.0
88.5,7.5
48.9,69.8
14.2,66.6
15.3,44.6
68.8,49.5
4.7,47.0
28.7,51.2
14.0,37.9
44.1,22.1
41.4,29.3
52.2,60.5
28.0,61.1
3.2,67.3
61.4,43.9
37.4,63.5
65.1,16.5
10.9,71.0
1.4,78.2
24.8,55.8
45.7,48.7
39.4,92.8
81.0,2.5
37.8,0.5
53.0,8.5
59.4,9.0
2.2,35.0
51.5,88.1
34.5,89.4
42.1,87.3
10.0,88.6
78.3,90.2
94.2,9.7
2.2,70.6
60.1,36.7
76.4,48.0
28.5,11.2
78.8,42.9
63.2,67.3
92.9,57.4
98.1,92.7
4.2,24.7
44.5,28.7
54.7,23.9
14.7,92.1
33.6,93.6
98.8,53.0
1.6,29.7
45.3,34.6
84.3,89.4
32.4,56.9
48.0,33.8
97.8,25.8
47.5,90.5
13.1,23.5
5.2,100.0
94.5,17.2
26.6,31.5
50.4,89.8
9.1,84.8
42.4,37.4
93.0,67.9
50.2,25.9
97.1,75.4
25.9,43.7
50.5,92.8
86.0,58.3
44.8,21.3
27.9,0.4
85.5,49.6
39.0,19.3
53.1,49.3
97.7,16.8
18.6,11.3
30.1,39.6
3.1,67.1
39.2,89.6
20.0,46.2
68.0,26.5
18.1,20.9
67.5,35.7
26.3,62.5
35.5,10.1
34.9,59.1
71.7,46.3
46.7,90.0
36.1,76.7
85.3,7.6
57.2,82.6
21.4,44.5
90.0,68.0
34.3,72.2
3.9,71.6
49.5,37.0
12.4,37.8
23.8,53.7
74.7,94.4
13.1,12.7
80.7,70.3
93.7,96.3
60.7,12.8
71.0,89.5
71.4,17.7
99.3,99.3
34.2,82.0
16.3,61.8
51.9,76.6
53.3,9.8
17.8,86.6
61.3,38.5
1.4,38.5
92.8,42.8
26.5,62.7
4.0,43.9
10.8,28.3
24.0,34.5
27.4,80.1
3.3,29.2
27.9,43.5
19.3,36.4
37.9,43.4
38.5,57.8
33.9,40.5
32.8,73.3
9.0,97.3
2.5,10.5
20.2,60.6
75.7,29.9
99.1,87.8
92.9,75.0
50.4,28.4
53.2,62.2
31.5,93.3
77.4,64.9
76.5,33.3
84.4,30.9
89.6,39.6
43.4,44.6
76.7,60.0
80.6,79.3
30.8,25.8
92.9,27.7
9.4,74.9
99.4,77.8
77.0,20.4
9.3,26.6
65.6,99.9
3.4,28.2
77.0,20.9
79.9,40.6
60.2,51.2
85.7,97.1
9.8,86.8
27.6,21.4
41.4,62.7
4.2,84.3
44.8,21.9
26.5,94.1
39.3,59.9
42.5,68.8
87.9,8.1
27.0,73.9
89.4,21.9
42.6,23.0
32.8,98.7
50.3,30.3
41.8,89.2
25.7,55.3
50.3,69.7
15.2,26.2
35.2,40.5
56.6,14.5
41.3,37.9
82.4,66.1
25.7,47.5
97.0,44.7
78.5,54.0
96.8,44.1
83.8,13.5
14.2,30.0
52.6,17.0
17.0,83.4
81.8,4.5
58.4,58.0
26.3,64.5
93.0,48.5
11.5,83.4
56.4,98.7
72.1,93.0
5.9,3.9
59.8,70.9
81.6,44.6
6.8,30.3
51.2,37.5
25.9,78.6
66.3,83.0
11.9,95.2
93.7,17.7
89.5,21.7
18.6,38.4
32.3,73.5
58.8,14.7
71.8,85.1
44.3,25.6
15.6,18.8
10.4,55.1
100.0,50.4
45.5,30.4
87.3,63.4
48.2,25.6
92.2,49.5
8.8,20.2
11.4,65.9
93.0,41.5
94.7,35.4
31.5,83.9
35.5,60.0
45.2,56.5
41.6,10.1
19.0,50.6
89.8,59.5
25.3,1.3
70.5,1.7
6.7,1.1
3.9,1.2
65.4,31.4
33.9,56.7
65.5,87.1
9.4,46.2
95.0,17.3
74.9,63.1
87.6,60.6
13.6,8.1
32.0,58.1
36.8,17.2
53.7,41.4
29.7,99.3
6.1,4.8
36.9,85.6
25.5,97.4
38.6,90.0
19.7,73.5
26.2,10.8
62.7,64.5
38.8,41.1
34.5,93.8
53.4,60.1
77.2,29.0
37.9,100.0
58.8,35.7
96.6,15.5
52.2,94.7
91.0,16.6
79.4,77.2
5.9,91.7
42.9,31.1
69.8,57.7
98.7,90.2
45.8,17.5
9.3,64.7
56.2,90.6
12.7,22.6
75.2,11.7
50.8,70.2
72.3,95.4
86.9,55.7
62.9,45.1
61.2,89.2
75.5,51.4
84.2,7.7
86.9,2.4
3.6,0.7
55.6,45.3
21.6,80.6
86.0,13.1
64.8,73.0
42.0,80.5
18.8,26.6
33.9,5.2
70.4,74.9
20.4,20.5
9.4,22.8
88.8,63.0
76.4,27.8
20.0,2.9
29.2,55.5
97.2,48.7
70.8,69.4
61.1,43.4
30.8,22.8
29.9,33.5
4.0,11.3
72.8,80.6
4.3,58.6
0.5,84.7
72.9,31.1
94.9,53.4
75.7,5.6
47.2,82.7
48.6,6.8
43.6,100.0
32.5,92.4
52.2,70.6
43.1,8.5
59.8,75.9
89.8,47.8
99.5,47.3
7.9,43.9
38.5,45.7
18.1,64.9
35.2,26.0
28.7,74.4
17.5,26.9
76.4,33.5
49.6,65.0
91.9,28.8
3.3,88.1
6.7,29.2
40.3,25.4
8.0,19.4
26.3,63.7
98.6,91.7
20.9,31.8
19.8,36.8
57.4,84.3
49.8,55.3
58.0,58.0
37.7,81.0
82.7,71.9
13.9,73.9
42.8,49.4
69.0,81.4
86.8,2.0
37.0,19.8
56.8,56.7
6.9,20.8
17.0,56.9
6.9,73.1
72.8,69.9
28.8,5.9
72.4,55.1
6.6,30.0
86.3,13.7
83.6,12.3
8.9,41.1
2.4,9.0
5.6,9.3
85.4,9.6
23.5,64.7
54.8,32.0
42.6,57.4
79.6,41.5
48.9,53.5
50.1,88.7
98.9,89.0
15.0,22.5
83.1,1.7
5.2,11.2
47.8,99.5
88.6,14.7
66.5,47.9
68.5,0.6
26.3,88.6
41.9,79.8
36.7,28.2
52.1,63.1
46.2,63.2
32.7,62.5
30.5,54.5
25.1,32.6
36.5,55.0
15.0,90.5
87.2,78.0
60.2,44.7
13.4,84.5
69.4,53.3
84.8,49.9
23.8,27.5
15.1,10.1
0.9,84.7
4.7,67.6
76.2,86.8
98.7,80.2
4.5,67.1
74.8,94.7
7.2,46.5
59.2,3.3
75.6,40.8
35.9,85.3
1.1,35.8
59.5,4.1
99.1,82.6
25.8,52.3
18.9,60.5
12.4,26.0
55.5,16.4
59.6,50.9
79.2,46.1
75.3,94.9
89.3,9.5
80.6,65.9
24.7,56.1
55.6,34.9
29.7,26.2
33.0,67.3
93.2,64.4
68.2,33.3
97.5,26.3
41.7,89.6
53.7,94.0
48.7,94.0
10.7,76.6
23.7,50.1
52.8,68.0
6.7,75.5
93.1,25.6
12.4,61.4
19.8,7.4
76.5,86.9
9.7,33.4
90.0,4.2
72.6,43.2
6.9,40.7
69.2,29.6
63.2,12.4
75.7,0.2
82.8,98.9
71.8,41.7
58.6,48.1
32.2,21.8
69.7,37.3
95.7,41.0
58.8,17.1
66.4,2.1
43.7,33.6
75.6,78.2
99.8,53.1
16.0,72.1
20.2,70.4
53.9,86.6
48.1,17.2
57.2,17.8
4.9,44.8
40.4,96.8
58.3,16.0
58.5,65.0
65.7,26.6
72.0,62.8
64.2,9.5
79.0,94.7
62.5,35.8
53.8,60.7
60.6,22.0
10.1,39.5
27.3,29.8
52.7,79.1
87.3,3.2
67.9,73.7
9.0,27.5
59.2,91.4
22.2,70.0
73.4,8.8
82.7,53.6
59.3,45.3
59.1,95.4
33.9,24.8
44.6,64.0
86.4,68.0
72.3,98.6
52.0,26.9
36.8,99.6
5.0,36.3
14.3,40.1
19.3,38.1
37.3,71.9
94.4,11.0
50.5,15.1
23.5,84.1
10.6,32.2
33.8,96.9
81.6,47.8
38.3,97.6
77.3,87.1
80.3,97.5
11.1,78.4
60.9,95.6
95.9,94.8
40.2,61.1
5.1,47.3
92.3,79.1
88.4,70.6
52.2,65.2
55.2,84.1
21.2,34.2
81.9,89.1
49.9,50.7
3.4,34.3
68.3,55.3
95.0,75.1
82.9,21.6
27.7,30.2
5.3,34.8
94.0,65.8
93.7,87.8
53.2,65.5
64.2,93.5
46.3,7.2
42.0,61.2
11.9,49.0
9.7,22.1
23.3,32.7
83.7,87.1
14.6,95.1
22.7,26.6
54.9,27.5
21.5,30.0
16.3,52.2
56.3,38.4
36.8,33.6
62.6,74.9
91.2,33.4
15.1,36.6
91.3,82.4
90.2,5.2
82.9,56.4
63.1,67.0
62.0,95.2
63.9,93.0
69.0,96.8
1.6,8.2
95.8,43.1
58.6,77.7
78.1,18.5
37.7,2.0
1.2,34.5
51.0,51.1
50.7,49.8
43.7,29.2
34.0,27.6
25.0,37.2
52.8,25.4
37.5,51.2
97.0,54.3
17.3,39.8
32.0,42.6
29.4,3.4
54.3,5.4
49.9,6.8
64.4,84.3
95.0,54.2
28.5,79.0
69.3,77.4
2.5,77.8
26.2,4.3
46.4,11.3
3.1,23.8
61.8,86.1
67.8,36.0
74.7,27.1
51.7,14.9
60.4,62.6
39.6,69.1
4.1,94.2
10.0,33.3
65.5,91.1
99.6,77.7
1.6,24.9
55.8,88.3
75.1,25.3
82.7,60.3
54.5,16.9
62.0,42.9
69.7,65.3
85.9,53.1
12.2,1.2
92.6,70.5
2.6,91.8
83.6,3.5
7.7,39.2
19.5,51.6
0.4,9.9
44.5,90.5
33.4,69.2
16.6,22.7
45.1,69.3
40.2,73.6
76.8,81.0
89.3,73.6
65.3,81.6
12.4,75.9
29.5,82.6
91.3,42.5
8.9,84.3
40.7,74.0
94.3,61.7
95.1,66.0
41.1,58.5
66.7,85.0
45.7,12.2
75.3,67.6
3.2,80.0
14.4,96.1
61.4,39.1
23.3,13.1
66.6,89.8
35.1,2.7
88.7,74.8
81.9,65.2
49.3,16.8
77.3,36.2
27.1,68.3
49.4,85.4
19.7,34.7
86.1,44.3
82.3,49.6
90.2,12.2
87.7,53.9
96.0,49.2
22.8,99.6
93.2,68.5
57.1,64.3
42.2,17.8
56.0,64.5
34.3,70.6
28.9,39.3
24.1,75.6
8.2,10.7
49.7,33.0
88.8,87.9
63.0,91.6
52.1,5.6
42.9,64.0
46.4,61.2
20.9,57.7
82.3,11.0
19.8,47.0
71.7,52.8
76.0,80.7
57.5,34.3
86.3,50.2
29.1,12.8
88.2,28.0
72.9,28.2
79.9,26.1
66.5,34.9
84.6,49.7
99.3,6.1
42.0,95.4
81.4,75.9
74.5,41.5
45.3,1.7
92.7,50.1
39.4,99.0
56.5,83.2
10.6,50.3
22.6,48.5
84.1,66.6
39.7,36.6
39.4,86.8
24.6,66.4
49.2,48.3
80.6,52.3
89.5,11.0
7.0,3.7
57.5,90.8
46.7,36.9
61.4,0.8
44.7,19.4
39.9,95.4
47.2,52.7
58.2,27.4
50.1,87.6
47.2,95.6
81.8,3.2
74.6,53.1
34.1,72.8
80.1,76.7
85.4,38.7
15.3,95.5
58.3,35.3
28.5,39.0
73.9,58.7
23.9,67.5
67.1,8.7
25.5,49.0
51.1,82.5
94.9,41.1
38.1,51.5
87.6,16.7
98.7,27.1
87.5,68.9
16.6,62.0
82.0,94.5
3.2,38.3
39.3,46.0
87.1,96.6
68.9,0.5
53.3,88.6
38.8,69.0
81.2,40.8
71.0,13.2
46.8,93.0
89.2,41.0
23.0,5.4
17.0,89.6
64.3,27.0
97.2,30.2
24.7,51.7
25.0,11.8
13.9,51.0
86.1,50.3
22.6,51.1
50.3,2.0
99.1,0.8
1.2,84.6
55.6,23.5
51.2,37.4
80.7,43.6
35.5,38.6
41.0,1.5
16.8,50.6
74.1,0.9
78.5,33.3
13.7,77.1
39.3,23.0
89.3,76.7
0.3,17.4
29.9,71.0
55.5,64.7
33.4,75.4
27.2,26.5
46.0,39.2
18.2,37.1
53.0,26.2
70.7,97.9
57.5,51.7
9.3,76.9
84.4,43.6
17.5,47.0
76.5,59.0
36.1,7.6
78.3,46.5
20.6,34.0
18.7,59.6
49.7,55.0
3.3,66.4
22.5,38.6
72.4,86.6
83.7,90.8
8.1,1.2
88.2,49.5
79.8,44.8
87.0,62.3
69.8,49.4
67.4,82.7
52.5,52.3
65.3,13.2
91.9,60.4
10.1,32.2
31.6,17.1
7.2,16.8
94.5,14.1
44.5,38.2
67.5,32.1
84.1,19.7
99.1,82.2
16.2,91.1
80.0,24.0
88.7,61.8
4.9,58.2
75.4,20.6
35.5,94.5
64.9,25.2
51.4,14.5
26.0,30.7
13.5,6.2
11.7,74.4
10.3,53.0
63.8,98.7
35.1,33.3
21.7,14.8
69.2,99.0
68.7,32.1
53.9,30.4
93.5,11.3
38.5,19.6
83.6,2.9
7.5,48.5
74.0,51.9
98.8,94.3
84.7,24.1
58.0,93.1
62.7,55.5
35.3,8.0
67.9,18.5
77.0,24.3
99.8,74.3
49.2,23.7
6.1,89.8
59.6,24.0
11.9,86.6
24.5,42.6
32.9,53.5
73.1,76.0
18.4,22.3
16.6,12.6
4.5,48.9
87.3,36.3
69.4,70.7
4.0,64.3
2.8,49.1
55.9,99.2
28.3,82.9
59.7,93.7
43.5,51.4
92.3,29.2
28.8,71.7
67.9,13.2
5.4,80.0
95.6,63.7
98.1,76.5
73.9,53.9
46.5,66.5
22.0,26.3
81.3,77.9
73.6,2.2
22.2,5.8
45.1,72.0
46.3,33.2
82.6,24.3
68.4,29.2
64.3,6.9
65.0,53.0
27.0,21.5
37.2,48.9
4.6,3.7
78.7,88.7
43.3,7.0
43.8,77.0
24.5,30.8
20.9,76.9
58.8,78.7
23.3,31.4
6.4,7.7
76.8,73.8
37.6,29.4
38.0,88.0
43.1,41.5
81.5,48.2
32.1,54.3
75.8,55.9
94.0,81.3
66.1,43.8
43.2,23.0
74.8,54.9
45.8,99.4
41.4,56.5
52.5,68.2
31.8,78.0
10.4,37.5
41.5,31.0
12.4,49.9
41.0,27.4
55.7,37.9
93.1,5.8
3.6,33.5
62.1,51.5
45.8,20.9
2.0,3.9
25.0,90.2
11.8,50.6
21.7,54.6
27.5,36.4
40.1,67.3
52.9,48.3
0.1,50.0
16.2,66.2
9.4,65.5
55.0,92.7
32.9,38.3
54.8,53.0
22.2,13.8
2.4,97.4
94.1,32.7
10.8,75.9
12.7,2.9
14.7,83.3
98.1,40.1
61.8,52.3
61.0,52.9
98.7,41.2
8.8,69.8
97.5,85.3
20.4,16.2
62.3,29.5
42.0,71.0
38.4,89.8
93.1,72.1
14.9,55.9
99.7,0.7
37.9,43.3
64.9,20.6
96.8,8.5
5.8,64.7
92.3,48.3
56.8,8.8
70.4,22.2
14.9,25.5
53.3,82.3
67.4,26.0
45.6,31.0
15.5,76.2
24.4,82.3
85.4,6.7
3.4,61.1
70.9,83.4
99.9,4.8
0.7,8.9
16.1,1.6
67.4,35.3
6.0,90.5
59.0,56.6
68.4,92.8
58.8,53.2
36.5,47.0
69.7,63.6
59.4,53.0
20.8,96.6
56.3,3.8
88.2,73.8
66.7,93.2
47.2,36.2
32.2,44.0
8.6,21.7
24.5,7.9
1.1,20.4
98.7,66.8
22.2,95.0
81.5,80.1
16.9,39.2
28.4,87.4
41.8,75.1
32.4,82.5
79.8,11.1
95.8,36.6
87.5,8.3
15.4,27.2
77.7,49.4
14.8,5.3
91.3,34.6
51.8,14.7
33.6,80.8
15.7,33.4
1.2,2.0
24.8,75.8
91.4,1.3
79.7,7.0
97.0,27.7
10.1,5.5
59.2,66.5
25.7,50.9
54.3,35.6
32.0,83.3
28.3,19.1
57.4,29.3
18.3,79.8
46.9,86.1
65.1,48.9
12.8,3.0
93.1,52.6
50.6,18.5
82.0,30.0
65.4,17.4
71.0,49.6
71.6,53.6
87.5,58.3
61.4,58.6
27.8,38.3
10.0,89.4
60.6,43.9
6.6,40.3
24.1,55.4
6.1,72.6
54.9,69.4
16.0,52.3
61.0,43.2
79.1,80.5
82.2,39.9
31.0,2.5
54.9,19.8
56.3,40.1
47.3,59.5
65.5,88.8
21.0,13.2
97.9,44.4
9.8,24.3
82.9,13.9
59.4,97.3
24.5,56.4
74.6,98.3
8.4,42.0
77.4,67.0
59.0,55.2
11.1,6.9
8.0,57.1
75.1,47.3
29.3,10.5
88.9,70.7
76.2,39.9
69.8,8.6
27.9,86.5
70.9,63.2
94.8,95.7
9.2,3.2
32.6,18.7
23.5,83.8
39.3,73.5
74.2,74.6
47.4,82.4
57.1,52.2
31.4,46.8
14.1,93.7
26.7,84.5
86.0,20.9
60.2,33.1
37.8,60.0
79.0,32.9
6.4,18.3
25.4,84.2
23.0,25.7
98.5,16.9
70.6,31.8
61.8,21.7
0.5,37.5
18.4,64.6
63.6,99.8
38.0,31.0
92.4,83.6
76.5,60.8
44.7,55.4
75.0,77.4
97.5,11.9
46.1,31.2
64.3,40.7
91.9,1.1
24.9,9.7
88.7,19.8
9.8,77.9
64.8,16.6
78.3,57.0
61.5,66.3
49.6,100.0
61.7,55.9
15.2,64.2
21.6,23.1
27.0,90.7
59.8,93.8
44.2,41.4
24.4,1.5
88.3,80.0
37.4,74.1
44.6,49.9
41.0,38.9
18.2,27.4
73.2,89.0
44.8,75.8
1.6,37.4
96.4,28.1
81.6,46.8
72.4,98.6
86.9,59.8
90.7,67.8
33.7,69.6
61.1,97.7
60.9,56.0
26.7,30.4
22.2,99.5
11.4,28.7
65.9,67.9
78.1,80.5
76.1,86.1
31.6,72.4
20.5,42.1
45.4,10.6
54.7,8.8
91.9,77.7
87.5,21.3
91.6,5.1
85.0,63.4
96.5,90.0
46.5,53.7
4.7,62.4
8.4,97.9
39.0,24.7
25.8,47.9
17.0,2.0
95.3,19.1
19.5,73.2
95.9,56.9
76.1,29.2
64.1,18.2
67.6,61.0
33.1,56.5
64.6,49.7
18.7,37.7
93.8,61.0
30.2,0.4
25.5,7.4
71.1,1.4
65.6,84.0
45.1,21.7
63.2,81.6
15.9,8.8
67.3,58.5
27.1,90.5
27.3,69.6
16.2,35.3
33.2,76.1
33.1,37.7
45.4,19.4
19.0,37.8
19.3,26.1
54.2,36.3
12.9,9.1
68.9,89.0
94.4,58.4
42.7,85.0
90.1,57.1
9.8,3.3
4.3,30.5
72.1,14.7
76.1,3.9
84.3,20.9
5.7,26.8
77.7,59.3
37.7,87.9
30.3,76.8
17.3,72.4
99.6,45.0
6.4,8.6
82.7,78.7
63.9,39.0
73.5,28.3
71.2,30.9
85.8,58.5
18.4,67.9
0.1,76.4
59.9,38.9
35.4,17.0
12.4,39.3
18.6,78.1
33.2,53.2
7.0,32.2
5.7,84.7
91.6,78.0
31.2,50.2
98.2,83.3
96.4,98.9
14.3,50.8
71.5,93.2
60.1,8.6
69.1,28.2
9.6,21.6
18.9,79.1
7.7,14.3
60.4,90.9
98.7,30.1
67.2,55.3
71.1,3.3
98.5,33.8
67.8,62.2
4.0,62.3
86.7,21.5
36.5,95.6
0.4,18.7
50.7,32.0
93.7,85.5
25.7,35.0
49.2,78.1
17.4,75.5
5.8,27.7
8.1,22.0
72.7,27.9
86.4,92.1
14.3,82.2
28.8,32.1
19.5,73.4
2.7,89.7
55.3,45.4
70.0,71.9
64.8,97.2
38.8,38.0
55.5,41.2
9.4,88.9
15.4,30.8
93.2,23.8
76.2,39.8
92.3,26.6
91.7,82.0
64.9,49.3
92.8,11.4
41.7,6.6
0.4,48.0
6.3,9.7
10.9,7.0
9.5,43.3
35.2,0.7
70.1,50.3
79.1,85.1
59.0,38.5
14.6,94.7
74.8,29.7
35.5,6.0
1.3,13.7
28.1,9.2
33.1,98.5
27.4,56.6
81.2,98.2
76.0,90.3
69.6,44.1
13.9,12.6
80.8,25.8
67.7,73.2
19.5,78.6
64.8,65.1
48.4,8.0
43.9,98.1
11.2,60.2
51.8,55.9
10.0,67.0
16.4,59.9
13.3,22.4
95.4,61.5
28.5,98.9
35.5,59.4
32.2,64.3
89.8,66.6
56.3,74.7
91.9,64.2
30.0,15.3
11.5,68.8
55.6,29.6
34.6,68.4
80.2,39.2
87.9,62.4
47.3,2.6
97.1,93.0
55.3,19.2
27.1,67.8
48.9,98.7
3.7,27.8
80.4,44.3
10.1,43.2
30.9,52.3
56.5,85.3
4.3,40.8
7.9,74.7
69.6,36.7
7.2,15.1
47.7,61.8
33.9,70.3
22.8,24.1
18.9,4.9
76.3,21.0
95.2,41.5
14.0,19.8
96.0,13.9
59.5,60.9
64.2,77.9
71.0,29.1
70.4,55.6
82.0,15.4
48.3,43.7
53.3,50.8
32.4,45.4
10.5,19.7
66.5,54.3
3.4,40.5
27.6,0.5
9.4,77.6
19.1,2.2
63.9,89.2
62.8,56.6
42.1,9.8
9.0,68.0
43.3,36.5
35.3,47.8
72.0,79.9
57.9,63.2
49.2,78.7
48.7,80.9
96.6,41.6
75.6,36.7
49.7,95.9
47.9,56.0
2.6,39.3
94.3,5.5
31.9,28.6
25.6,17.4
99.9,75.6
71.9,22.7
4.7,23.4
6.2,42.3
2.6,52.3
60.0,93.8
7.2,3.3
93.3,58.6
93.7,48.1
54.6,38.4
61.7,98.2
29.2,52.1
6.4,85.2
73.7,78.3
10.2,60.2
8.6,6.2
31.1,58.8
1.2,96.3
43.4,49.0
70.8,57.9
80.1,19.4
60.4,45.0
84.7,65.6
40.7,80.1
84.9,36.8
50.6,77.3
22.3,67.3
94.4,5.4
27.5,3.2
2.6,22.5
24.3,15.3
36.7,50.6
35.1,67.5
52.5,43.4
88.3,56.9
29.2,73.8
52.1,45.3
34.0,58.4
82.2,20.8
15.8,49.0
10.4,71.2
50.3,23.2
67.2,92.5
79.6,89.3
59.0,71.4
77.4,35.4
39.3,60.3
3.3,44.3
11.6,84.6
3.9,53.4
32.9,18.9
49.5,75.6
35.6,40.6
56.1,25.8
48.1,15.8
67.8,64.8
66.7,42.6
31.8,97.4
34.6,50.3
58.5,84.5
59.6,21.6
31.5,51.4
33.0,87.6
69.4,28.0
64.7,83.2
13.5,69.9
44.1,10.7
89.3,58.4
3.6,79.6
85.5,43.9
16.3,86.8
50.7,46.1
42.4,55.1
1.0,10.2
91.5,57.3
45.5,28.4
95.4,1.3
28.7,75.4
86.6,71.8
92.2,63.1
55.7,63.1
20.3,48.0
68.5,75.6
54.9,11.4
94.5,29.1
43.9,69.1
26.9,95.4
13.8,38.4
69.9,45.2
97.4,10.2
2.8,24.7
74.0,11.0
92.7,93.2
7.5,98.7
11.0,36.2
69.2,58.8
64.8,63.0
6.9,93.5
83.4,69.9
52.3,85.8
90.7,35.0
87.8,67.3
81.3,3.4
51.6,14.6
25.2,11.1
50.6,66.1
10.1,75.3
65.9,25.5
13.4,27.3
51.1,46.6
5.4,56.7
30.0,6.0
23.2,86.6
62.0,79.7
78.7,54.6
5.7,75.9
85.0,33.8
86.1,33.6
34.2,98.5
65.9,80.3
40.3,61.0
15.4,88.8
52.9,30.0
8.6,38.1
87.8,19.7
92.4,37.0
82.2,29.5
56.3,66.2
55.8,83.3
98.5,65.4
24.8,60.5
7.6,42.0
56.2,63.0
32.9,62.6
32.2,50.9
0.7,37.0
59.6,19.7
26.4,82.9
18.8,52.1
4.0,64.5
36.4,83.9
87.9,68.0
33.7,11.3
67.9,53.7
75.7,13.7
32.8,28.7
82.2,22.2
69.2,16.7
55.9,47.9
0.1,99.4
3.5,73.8
99.1,83.3
78.2,47.1
93.8,52.5
90.2,41.1
2.0,2.7
79.2,19.0
45.1,17.0
79.0,8.2
0.7,12.5
28.8,0.4
75.1,11.1
79.3,42.1
62.0,11.8
30.1,6.5
31.0,53.7
96.7,41.6
43.9,32.3
44.7,14.8
55.2,71.1
41.0,95.3
55.3,59.3
43.2,29.0
82.7,22.3
90.9,34.2
93.2,15.9
56.4,82.0
44.2,33.5
70.5,17.4
83.8,20.7
56.3,50.0
70.0,51.0
75.0,47.0
67.6,36.3
74.6,25.1
20.9,2.1
49.8,9.2
58.8,1.6
0.2,61.4
85.6,57.9
61.0,89.9
12.9,60.2
81.6,20.0
71.7,98.1
75.8,26.5
39.2,80.1
85.4,36.9
41.4,97.6
57.1,98.0
0.1,33.4
64.5,26.3
71.8,14.4
56.7,39.3
49.7,76.1
81.0,78.1
68.1,34.6
27.8,51.2
95.9,23.4
70.7,45.7
98.8,50.1
97.1,71.5
91.9,20.3
75.5,64.5
60.9,84.5
17.2,3.4
54.3,46.8
76.5,49.9
52.1,16.7
86.8,97.2
11.0,50.5
38.1,72.2
50.6,19.8
43.2,97.5
10.9,78.1
15.4,86.5
83.8,31.8
48.4,37.5
4.9,12.7
1.6,32.0
47.3,25.0
16.4,64.6
70.5,83.5
79.5,64.6
22.8,10.1
59.2,16.4
15.4,19.9
30.4,44.5
88.9,1.9
54.4,16.9
88.6,62.0
22.5,30.8
33.0,33.3
47.1,32.3
48.0,1.4
99.8,51.3
11.4,89.0
85.2,39.1
86.4,8.1
55.3,3.5
34.4,41.5
51.9,74.7
29.2,74.0
79.9,41.3
49.8,30.8
92.6,65.1
62.3,77.5
51.4,55.1
71.1,95.5
50.4,46.6
90.5,16.0
18.4,28.5
97.3,47.0
81.2,48.7
86.1,88.3
48.3,27.5
83.7,69.7
30.7,58.7
76.2,27.9
14.0,24.8
30.7,37.2
44.6,2.1
32.2,36.3
38.7,25.3
82.0,43.9
25.7,12.2
74.5,6.7
7.4,46.1
76.6,21.3
79.2,45.3
40.2,46.8
72.2,38.8
91.5,14.0
80.1,1.6
39.0,11.5
48.4,6.0
77.9,29.9
29.3,30.6
80.4,69.6
32.8,15.1
80.6,95.3
8.7,87.6
4.4,45.0
99.8,2.3
86.9,57.1
88.3,55.2
95.1,66.2
43.8,93.1
28.7,97.0
13.0,73.2
50.1,23.4
22.0,78.8
93.6,75.0
0.4,97.0
14.3,11.9
24.6,2.7
19.9,19.2
22.6,0.7
65.6,80.4
32.8,28.0
61.5,67.6
89.0,62.9
60.3,6.5
69.5,81.6
36.6,28.8
16.0,17.1
32.1,53.9
96.4,74.0
62.2,31.7
27.8,54.4
45.1,40.0
83.6,45.5
66.8,20.4
56.1,65.5
88.5,20.1
67.2,9.8
64.3,25.0
19.0,53.1
10.6,26.6
96.5,42.9
59.9,72.6
41.6,96.2
58.9,83.7
6.2,96.3
82.2,42.3
21.7,78.3
80.5,64.8
53.4,6.1
27.7,24.2
3.0,74.0
81.6,1.2
17.6,22.5
5.2,96.9
75.6,4.8
35.0,5.9
38.9,91.4
24.7,42.0
85.9,38.9
29.7,14.4
21.0,44.0
30.9,43.1
20.3,91.7
31.8,35.5
8.3,44.8
15.9,33.7
41.7,37.5
87.9,95.5
5.7,8.6
21.3,90.6
90.8,93.5
89.0,45.2
67.9,40.1
24.0,32.4
42.0,20.9
21.1,64.7
12.9,87.7
38.0,18.7
57.6,94.7
36.0,42.6
61.1,5.8
29.6,55.6
34.6,89.9
79.1,62.7
87.8,60.6
32.2,79.9
57.2,56.2
27.8,2.0
5.3,45.5
73.8,58.0
17.1,53.7
42.6,58.7
48.7,13.7
18.4,47.3
9.5,58.8
34.8,5.2
95.2,15.6
61.5,2.2
38.1,19.6
3.9,1.7
60.0,26.4
9.2,41.6
54.3,19.5
75.2,12.2
42.4,21.6
29.9,28.6
4.7,99.2
2.5,82.3
43.0,43.5
88.3,39.3
24.4,26.6
57.4,37.9
68.4,89.7
6.1,32.1
15.3,46.0
33.1,42.7
67.0,21.7
43.9,18.5
73.4,56.8
86.8,56.5
75.8,92.8
99.2,26.0
75.4,27.0
85.2,34.9
83.2,70.6
73.0,50.7
80.2,83.8
93.5,18.2
47.5,79.5
63.8,37.7
51.5,49.1
85.1,32.0
43.1,57.3
82.0,49.2
79.9,36.0
96.2,31.6
24.9,99.2
71.0,61.0
75.7,48.1
93.6,24.0
90.7,51.6
57.4,50.0
57.9,70.3
16.7,55.8
97.5,21.8
25.5,95.0
72.5,93.3
79.6,78.6
44.1,63.2
21.1,50.7
18.9,36.0
85.6,35.4
51.1,34.4
9.0,79.0
71.7,46.8
25.0,66.6
87.6,59.4
31.0,29.5
20.0,37.1
8.5,41.9
51.2,15.2
45.1,52.7
75.1,63.5
46.5,77.3
34.4,98.0
26.2,50.7
27.8,24.5
92.8,64.1
16.5,39.5
98.8,39.2
32.7,95.6
8.8,4.5
24.9,83.0
5.8,48.5
79.0,100.0
51.3,14.6
33.7,87.3
66.2,35.8
63.1,32.8
94.0,52.5
96.1,44.9
68.1,2.1
81.8,75.2
79.2,65.3
49.1,12.3
70.4,90.3
7.8,48.9
75.8,41.9
96.2,29.6
8.5,51.1
83.6,73.1
93.3,54.5
22.6,87.4
52.5,30.8
92.8,19.1
96.0,92.4
12.8,28.0
34.9,36.3
69.8,99.2
22.2,47.6
32.5,89.4
2.3,10.3
15.4,14.6
56.2,63.7
65.3,47.3
64.9,22.1
77.8,36.0
41.5,5.7
27.3,85.0
1.6,89.8
20.7,88.0
31.2,17.8
17.8,97.8
2.0,50.3
15.7,12.6
66.6,69.5
63.0,76.7
93.6,81.8
79.8,94.1
56.8,42.3
13.8,79.2
56.4,37.3
6.2,63.7
43.1,84.9
39.0,97.0
42.8,13.0
28.0,63.9
68.6,53.9
84.1,91.3
76.9,95.3
62.8,2.3
53.8,92.8
3.1,16.3
72.3,74.9
54.5,23.3
27.1,49.7
32.8,92.0
93.6,56.7
62.4,19.7
47.6,50.0
62.1,17.7
41.4,3.2
47.0,38.0
29.0,94.1
44.0,57.9
68.6,71.8
4.0,29.9
79.5,75.5
28.3,19.9
68.3,40.2
64.3,46.7
65.3,82.1
60.8,16.1
95.9,53.6
50.8,6.1
73.2,39.4
70.5,53.1
23.6,65.0
28.3,83.6
42.4,16.6
27.8,37.5
36.7,43.3
39.1,75.9
60.4,4.5
22.0,4.6
80.4,89.4
43.8,64.8
70.6,45.9
8.1,46.6
47.0,37.6
2.8,60.4
67.6,68.3
34.4,66.5
94.9,49.1
32.4,1.1
56.4,28.1
25.7,7.0
62.0,37.9
46.7,27.5
37.1,46.3
20.4,11.7
11.2,86.0
12.0,7.6
99.9,30.6
41.2,78.3
0.2,62.2
95.3,40.7
2.0,17.5
41.9,77.1
71.7,39.3
91.5,61.6
71.3,41.3
46.4,67.8
97.4,61.3
3.9,45.9
98.7,69.8
84.9,99.2
92.9,71.2
25.5,78.8
14.2,65.0
66.3,84.5
51.6,96.1
52.3,25.6
92.5,26.7
62.0,96.7
31.1,36.4
40.0,29.1
13.3,84.7
19.2,16.4
14.3,87.4
81.0,67.0
70.5,65.4
53.0,28.8
37.4,11.6
66.8,6.4
81.3,23.7
88.1,21.5
54.7,65.6
82.0,1.3
51.1,25.2
47.5,34.4
86.5,95.5
38.6,10.5
39.6,25.1
30.5,74.4
51.9,36.7
54.5,23.0
66.0,87.9
43.1,96.9
21.8,40.7
86.7,54.8
34.6,89.6
92.3,83.8
20.7,22.6
56.0,25.7
53.7,82.5
82.9,24.0
13.9,91.7
91.0,97.9
53.1,46.4
58.6,35.3
51.0,84.3
3.6,18.8
49.7,27.7
26.4,18.2
34.3,13.4
64.9,46.7
49.8,76.9
9.3,35.7
7.3,84.9
18.6,69.1
19.1,38.3
60.8,66.1
17.8,25.7
88.2,28.4
21.0,30.8
9.1,2.6
87.6,55.0
29.5,5.6
42.5,30.5
95.9,1.1
94.4,36.4
71.5,86.8
6.9,53.7
59.3,30.0
98.9,46.4
94.7,74.4
10.6,45.5
39.6,18.3
31.6,54.5
13.0,55.9
69.5,27.6
27.4,59.3
34.5,79.7
9.0,48.8
49.8,1.2
15.8,88.3
43.2,55.6
14.3,1.8
95.4,91.4
14.5,36.4
52.2,86.7
19.7,28.5
7.6,70.8
20.2,2.4
5.5,62.8
13.9,63.1
49.3,29.1
65.2,54.0
8.7,7.4
44.1,8.9
58.1,71.1
23.4,62.9
37.2,39.1
7.2,18.6
22.0,55.0
46.7,96.3
99.0,83.4
99.6,52.5
98.0,48.3
42.3,4.9
8.1,32.0
32.4,72.9
23.8,31.9
1.4,89.8
9.5,35.5
45.3,58.8
34.0,24.7
18.0,59.3
71.6,81.9
35.7,68.4
85.2,50.9
24.1,97.3
53.8,8.6
18.4,36.5
49.5,36.2
15.2,73.1
16.2,8.0
61.2,36.5
26.4,86.8
17.2,13.5
93.0,60.8
4.3,68.1
56.5,52.3
54.8,41.2
25.1,61.0
45.3,48.0
8.8,54.5
72.1,92.2
22.2,31.4
19.3,35.7
31.5,3.6
90.2,92.3
79.6,34.8
94.7,24.1
65.2,59.0
66.3,43.8
48.0,7.7
90.5,85.2
51.1,22.8
35.5,80.5
64.0,81.6
54.6,90.4
12.4,75.1
39.3,53.2
31.3,88.8
84.7,83.2
37.9,3.5
82.2,37.6
44.2,62.1
75.4,14.3
13.5,76.0
92.5,8.5
48.1,90.7
26.0,22.2
24.1,53.3
26.5,1.1
36.7,46.7
71.8,16.2
95.0,82.7
66.9,35.1
54.7,9.7
44.9,92.8
82.8,41.5
85.0,70.5
29.3,75.8
95.3,0.9
39.5,76.4
80.0,25.7
96.7,12.6
70.4,3.5
16.2,87.8
58.6,70.0
11.9,73.0
78.9,24.1
28.1,15.3
69.5,23.3
91.0,9.5
18.1,85.6
39.3,1.8
64.7,16.7
42.0,57.0
17.5,14.6
2.9,65.1
40.7,86.8
64.9,39.5
57.4,45.6
15.6,61.2
45.1,83.4
36.9,66.5
27.4,16.1
72.9,78.4
31.0,56.6
54.0,1.2
92.3,6.2
53.9,36.3
61.7,65.3
7.3,79.4
17.8,41.5
10.1,94.3
76.5,89.1
83.6,45.8
18.6,38.1
21.9,44.2
32.3,40.3
59.1,61.3
62.2,35.8
68.7,24.7
90.5,66.1
29.5,82.1
65.9,78.1
56.0,41.3
30.6,20.1
90.7,57.2
9.5,5.8
71.2,83.6
72.8,15.0
91.5,44.1
51.9,56.4
32.2,41.0
82.8,90.2
77.1,11.7
50.0,60.1
76.8,14.2
26.8,59.4
59.0,4.6
86.5,63.4
31.8,42.4
48.4,13.1
95.1,23.0
79.8,85.4
88.7,84.5
38.5,87.5
99.7,21.6
15.3,79.5
51.9,56.8
47.9,1.5
79.8,29.9
90.9,93.3
73.1,91.2
62.7,72.0
42.7,20.5
51.0,37.5
50.9,48.1
2.0,58.0
50.3,7.2
85.6,51.7
70.9,19.7
79.6,70.0
39.0,79.4
52.9,62.2
3.3,81.9
38.3,27.3
47.4,3.1
25.5,55.8
3.1,7.4
69.0,66.9
43.5,59.9
41.6,25.1
25.0,25.0
53.8,62.3
43.8,59.3
47.4,33.9
58.1,59.6
0.6,20.0
90.8,43.2
7.1,62.0
45.1,98.7
20.7,10.8
52.4,26.5
28.0,64.7
86.0,44.6
39.6,48.7
63.9,11.1
24.9,62.6
1.9,80.1
40.4,77.4
53.6,90.2
46.0,7.7
96.2,47.0
70.7,53.9
99.6,14.1
29.5,86.0
78.9,81.2
55.6,29.9
61.2,78.1
98.6,47.0
65.4,6.7
89.9,96.7
72.6,64.6
12.7,80.3
69.9,83.0
48.4,52.4
91.9,15.8
80.7,91.9
10.4,19.0
13.4,17.4
7.0,25.2
49.3,58.8
8.1,0.5
72.4,59.4
55.2,47.3
83.6,82.1
28.0,56.3
51.9,11.4
11.7,22.5
88.5,44.3
17.5,9.8
10.2,29.5
20.5,84.6
80.6,31.6
10.6,37.7
61.4,92.7
74.6,91.6
75.1,37.7
19.0,24.1
6.2,13.9
44.9,51.9
20.2,39.0
69.9,99.0
35.7,89.8
44.9,45.9
11.3,49.0
56.8,58.1
18.6,20.7
67.9,87.2
7.1,85.9
97.6,94.5
68.5,57.4
18.2,80.7
1.4,23.8
33.4,24.9
15.3,18.6
21.8,37.4
87.3,12.4
60.3,39.8
17.6,71.3
55.7,14.4
25.6,49.8
97.6,10.8
3.3,51.0
73.2,30.1
77.3,40.6
6.7,39.0
17.2,35.5
38.4,38.5
86.8,92.7
53.7,78.0
65.5,36.7
78.3,8.6
82.8,86.0
47.6,39.2
50.9,11.0
71.8,41.4
26.3,16.0
85.4,63.7
2.1,33.2
19.6,31.1
80.0,19.4
34.0,1.4
15.0,16.1
18.7,40.9
53.1,52.9
84.6,78.3
7.1,3.0
3.0,88.2
46.5,50.7
95.6,9.8
27.9,53.3
95.9,84.7
88.8,77.9
28.3,97.2
81.7,63.1
68.6,88.6
51.2,27.9
42.3,22.2
81.6,63.9
79.3,88.3
75.7,15.1
99.8,25.2
47.9,56.1
80.7,90.9
86.2,5.2
21.2,56.4
4.2,46.6
40.5,73.4
85.7,85.4
28.9,39.8
70.0,88.3
0.7,12.8
35.5,90.7
61.6,2.7
13.0,71.4
89.7,14.6
15.6,18.2
91.0,54.7
21.6,7.3
99.4,51.5
60.5,51.1
8.4,40.4
6.5,56.8
7.5,50.7
59.0,59.6
81.0,23.2
40.3,92.0
44.5,76.6
58.9,43.8
53.3,9.9
68.8,11.4
47.2,13.5
71.4,74.3
99.7,36.9
35.0,85.7
1.2,50.0
12.6,79.1
55.4,75.9
34.4,42.6
94.0,43.6
62.7,80.0
52.0,29.1
79.8,47.7
25.9,88.8
82.0,78.1
0.3,4.7
62.0,55.5
93.5,97.6
78.8,3.1
85.4,53.9
39.7,42.5
82.4,69.1
55.1,31.6
61.9,35.0
5.9,96.6
20.2,92.1
55.1,10.4
5.9,95.3
74.1,27.4
84.0,13.7
92.0,97.1
10.2,82.7
94.0,85.7
6.8,5.8
47.4,31.6
84.0,16.6
7.0,15.3
1.8,74.1
2.5,85.0
51.1,29.4
81.2,88.9
12.7,50.8
12.5,8.3
56.9,92.0
23.4,36.7
73.0,96.9
95.0,53.0
76.6,14.4
87.7,59.6
52.0,28.8
83.2,8.4
18.3,30.5
6.8,32.5
65.6,77.9
5.2,61.2
89.2,57.6
69.2,7.8
95.2,57.6
31.4,8.5
48.6,58.8
74.2,93.1
24.3,28.7
54.2,42.3
65.9,19.8
97.9,29.8
74.5,81.0
11.8,88.3
47.5,18.0
58.9,27.4
14.7,84.5
43.2,62.8
28.4,64.5
11.9,73.1
51.2,0.7
16.6,41.7
59.1,47.0
17.0,35.8
72.4,77.9
19.5,65.7
89.6,4.9
2.6,78.7
52.2,33.1
32.0,5.1
22.5,23.5
47.2,81.4
84.2,88.6
91.5,28.4
30.3,98.2
15.4,45.5
72.0,52.0
58.2,86.1
20.1,80.7
76.0,67.6
51.9,39.6
65.3,99.2
35.9,17.5
43.9,25.0
18.0,76.4
75.7,31.7
15.7,68.1
77.8,90.5
79.8,22.4
74.7,38.1
1.9,9.0
27.3,42.5
46.8,10.4
59.6,39.6
91.9,27.5
37.6,61.8
87.5,14.6
16.3,91.0
37.1,74.6
5.2,61.8
74.2,73.5
15.1,32.2
25.7,49.4
77.5,54.7
53.5,16.7
1.4,42.0
0.2,49.2
51.1,30.4
30.5,57.5
18.0,92.2
61.4,67.4
22.8,37.1
59.2,5.5
37.9,95.6
18.7,38.1
13.8,6.7
23.7,49.9
3.0,39.6
30.8,13.9
90.2,87.6
83.1,92.9
37.2,95.9
57.6,35.2
56.7,36.1
82.9,56.5
23.6,8.7
29.6,13.9
30.2,5.2
4.1,3.4
31.5,97.4
87.8,64.6
91.2,47.7
11.0,51.9
45.8,48.8
38.1,58.1
48.9,83.7
55.5,37.7
2.0,43.6
84.2,93.8
97.4,86.2
65.3,76.7
66.0,19.5
52.8,58.7
33.4,35.7
14.9,82.9
58.4,66.5
4.5,91.4
82.5,59.4
42.1,19.4
41.5,86.8
32.7,74.3
96.9,24.2
17.5,89.4
15.1,35.8
16.6,22.8
65.9,83.5
99.2,32.4
23.5,36.2
90.6,65.9
27.9,33.5
64.8,45.0
4.0,98.4
49.6,32.4
65.5,97.3
53.6,68.5
23.8,59.9
82.8,17.3
97.0,72.1
45.9,24.9
63.6,19.4
79.0,1.4
24.1,30.4
86.4,52.9
28.0,46.7
77.6,68.6
11.2,40.7
28.8,5.4
53.4,98.4
52.5,76.3
85.0,50.0
99.6,78.8
10.7,94.3
27.1,4.9
35.8,37.3
47.9,29.7
49.4,71.6
85.6,8.8
77.1,82.2
1.9,91.4
45.5,64.1
61.8,74.0
46.0,0.8
13.1,78.3
39.7,1.5
41.2,36.7
18.8,81.0
75.6,69.4
32.1,25.8
58.9,21.8
51.6,68.8
87.7,49.3
12.2,35.0
11.4,49.2
30.0,8.0
43.1,83.5
29.9,53.8
76.3,3.6
24.5,2.0
8.5,21.6
41.4,35.5
77.3,18.2
85.1,93.0
73.3,34.7
55.8,98.8
72.4,94.4
68.1,39.9
23.4,85.8
55.1,97.5
77.1,54.2
31.7,39.3
65.4,43.2
48.1,90.5
50.3,18.5
9.0,20.3
66.6,40.1
86.6,72.6
14.1,19.2
36.6,67.6
4.9,49.2
3.0,40.3
99.0,2.8
49.3,52.4
35.6,93.0
27.5,13.3
98.0,33.7
25.2,98.7
72.6,17.0
28.4,72.3
7.0,73.7
68.3,32.8
0.2,99.1
67.6,52.0
25.0,30.8
74.6,45.7
77.0,46.1
72.4,46.1
2.4,9.8
70.4,25.8
99.0,93.4
24.3,80.3
27.4,84.0
81.4,43.6
16.0,1.2
66.1,99.5
75.5,23.5
3.7,47.7
55.4,88.4
57.6,38.3
30.3,97.1
87.6,64.2
16.3,54.8
36.4,86.0
84.9,14.1
19.1,49.8
82.1,67.8
7.9,40.2
48.9,40.6
7.5,98.7
67.8,17.2
79.1,54.8
85.0,24.2
98.1,59.9
67.2,68.5
76.9,87.0
50.6,96.4
91.3,69.6
64.4,75.9
88.4,57.4
23.5,89.0
49.7,88.1
73.0,96.1
20.3,46.6
21.1,8.0
97.8,31.8
43.5,78.5
18.2,2.4
33.1,30.1
39.7,44.4
62.3,4.6
92.3,4.8
98.7,53.2
65.2,78.4
70.0,36.1
32.2,44.3
85.7,6.5
21.8,85.8
10.6,51.6
97.3,67.0
86.4,48.7
30.4,90.0
67.5,1.6
46.7,96.8
32.3,0.7
28.7,58.5
13.6,94.4
54.9,62.6
44.7,87.5
51.2,59.7
21.5,11.3
93.9,3.1
63.9,15.9
90.0,68.7
10.9,93.8
62.3,22.9
84.9,48.9
33.1,12.5
19.5,44.9
26.5,94.3
27.3,38.3
44.7,24.7
32.6,16.1
27.1,69.5
64.9,89.4
5.3,98.3
34.0,18.9
69.0,68.7
17.6,8.5
22.1,86.8
20.1,53.8
0.1,80.8
47.4,85.6
3.9,56.0
27.3,10.8
99.5,35.5
91.8,94.4
21.5,30.7
31.0,94.1
46.4,7.7
84.4,72.3
80.3,53.2
12.6,81.1
12.4,8.2
41.7,34.9
87.0,75.2
88.2,95.5
10.7,6.4
57.4,86.9
15.6,5.2
68.6,53.6
91.6,80.4
45.5,61.4
8.3,23.2
57.9,98.7
40.9,96.3
81.1,2.7
34.0,7.4
87.5,19.1
27.4,28.8
15.8,31.3
30.6,76.5
3.5,21.6
28.1,29.8
66.0,24.7
14.2,12.1
11.1,92.4
13.2,50.6
7.8,7.1
87.5,30.8
94.4,1.1
4.7,31.6
76.0,35.8
73.7,16.3
99.7,8.2
34.8,8.6
28.6,24.9
45.3,19.9
85.7,13.4
72.9,64.3
47.2,25.8
24.5,12.9
72.7,7.1
85.5,46.3
40.0,91.8
66.9,2.4
40.0,74.2
47.8,14.1
52.5,52.6
77.6,29.6
97.8,96.8
44.4,30.9
34.2,99.7
37.4,38.8
13.4,80.4
29.7,29.3
8.6,13.2
42.8,54.5
16.7,78.5
34.6,84.5
79.4,84.4
24.6,23.9
61.2,42.3
90.1,38.0
56.7,34.0
19.4,92.0
34.5,38.3
59.0,84.1
50.7,31.1
14.9,54.0
44.7,24.6
54.3,66.5
26.7,28.0
61.2,82.5
7.0,59.9
33.7,88.8
80.4,55.3
25.9,22.6
60.5,68.8
41.0,3.1
31.6,90.4
91.6,23.2
34.3,9.4
23.7,23.4
90.9,14.3
74.6,39.6
68.2,17.2
5.0,75.9
13.1,59.9
63.8,47.2
20.9,16.0
22.6,3.5
77.9,16.4
28.6,98.1
7.2,87.1
3.6,37.1
44.3,71.7
61.7,89.2
86.9,31.2
11.1,94.8
19.7,59.6
53.0,47.1
36.4,28.6
48.3,59.8
92.4,77.3
54.5,27.9
41.5,5.5
98.9,73.4
6.5,36.7
93.2,52.4
50.2,17.2
50.4,15.8
92.2,29.6
50.7,30.7
43.8,17.1
27.2,49.9
65.9,15.7
57.0,19.3
21.4,85.5
70.9,90.6
64.4,16.2
39.7,16.6
0.4,58.8
44.7,12.6
0.6,37.7
7.5,28.1
43.1,71.8
8.2,14.2
27.6,13.8
65.5,98.9
30.9,96.1
99.8,13.9
91.6,82.7
58.5,24.0
96.7,0.9
86.8,15.9
31.9,89.3
75.0,55.9
13.7,93.9
68.5,84.8
49.1,15.9
1.7,95.1
27.4,25.9
95.5,11.8
31.6,48.8
18.1,69.6
18.8,12.5
47.9,12.9
84.3,47.5
75.8,39.3
43.7,7.5
20.9,84.7
4.6,84.5
46.3,4.0
81.5,5.3
73.0,35.9
40.9,39.4
59.5,32.9
43.6,52.1
57.9,13.8
51.8,0.1
68.1,79.5
50.8,9.5
94.1,86.3
42.8,59.4
1.6,3.1
23.6,42.2
50.1,40.1
54.1,67.2
55.2,25.2
71.5,94.1
27.5,23.0
66.5,56.4
70.4,58.8
41.1,96.5
40.2,97.3
17.9,51.8
41.4,89.1
78.7,28.8
90.9,83.8
59.4,99.0
29.9,54.9
68.2,5.1
74.0,23.0
33.2,90.4
82.7,71.8
7.4,74.8
1.1,2.7
12.3,97.4
15.6,22.5
87.9,1.5
42.5,20.7
27.5,3.5
42.9,73.3
39.5,77.1
30.1,6.1
13.8,10.9
65.6,62.3
13.7,87.1
77.5,54.2
20.2,14.7
73.1,90.5
80.6,18.7
12.5,17.4
8.7,42.1
95.0,11.0
46.3,91.8
63.0,13.5
2.3,64.1
27.9,31.8
50.5,30.6
88.6,61.3
27.1,73.6
77.5,90.7
66.2,33.5
11.5,10.4
29.3,84.2
23.8,11.3
44.3,26.7
63.5,59.6
43.3,38.4
24.5,20.6
69.6,49.1
58.4,16.6
51.9,6.8
55.4,58.3
22.2,81.5
68.0,11.8
38.8,26.5
36.3,5.6
15.0,50.9
59.7,51.2
60.3,97.9
34.0,14.0
86.0,5.5
84.5,90.7
10.9,27.2
69.5,86.8
39.4,14.5
100.0,0.8
22.5,84.2
28.1,66.8
44.2,24.6
26.9,51.6
69.2,86.5
48.1,44.5
22.1,83.2
50.6,25.4
88.9,94.5
79.2,17.0
49.9,93.0
28.8,37.9
18.0,61.0
87.8,46.3
71.0,25.5
57.2,66.7
87.9,83.1
12.2,39.2
68.2,39.4
21.7,21.2
12.1,82.7
46.6,3.2
38.7,83.4
94.1,74.0
32.4,69.0
81.5,66.2
74.9,39.2
66.8,81.1
92.0,42.9
40.8,53.1
39.0,15.2
16.1,6.2
27.6,42.0
88.0,11.1
47.4,22.7
34.1,57.4
21.6,37.6
48.5,37.5
71.7,44.3
28.7,67.0
75.8,40.4
63.0,73.7
78.8,61.9
25.1,93.4
63.1,84.5
15.4,31.0
36.4,51.5
72.4,80.6
63.2,6.2
18.8,13.2
85.8,12.5
5.3,11.7
59.5,99.9
98.4,25.5
53.2,56.2
80.1,54.6
59.5,21.0
78.3,94.0
65.6,36.4
69.1,83.3
22.8,96.3
74.2,17.2
23.8,59.5
98.1,12.3
22.8,58.2
23.7,91.5
85.9,40.3
24.3,54.6
36.1,63.6
71.5,31.0
15.9,67.1
15.9,27.3
48.6,28.9
24.4,9.6
23.6,90.6
0.9,41.3
37.0,41.2
31.8,96.5
3.1,89.9
62.1,90.1
62.7,17.7
7.1,5.4
31.7,80.2
87.3,47.9
58.2,21.0
41.2,85.0
46.5,76.6
20.8,8.1
81.2,5.4
91.4,40.0
91.1,44.6
22.4,66.5
31.1,56.6
16.1,5.0
30.7,34.2
33.3,82.0
63.3,45.1
19.0,48.0
91.9,61.3
10.3,15.8
0.7,79.6
85.5,98.1
70.4,55.6
35.5,27.2
59.5,7.7
22.4,61.6
16.8,5.3
47.1,82.5
35.3,16.2
61.5,57.5
21.8,20.9
66.3,84.8
76.7,69.2
16.7,11.9
4.4,56.2
44.0,73.8
77.4,79.9
65.1,29.3
70.2,94.5
40.3,20.6
23.5,28.6
53.2,64.0
20.4,68.8
72.6,59.1
19.7,71.9
29.1,85.8
50.7,68.7
48.7,11.4
60.1,51.2
43.7,35.8
91.9,29.6
84.0,23.6
87.9,23.8
63.0,88.6
63.5,99.9
60.9,91.8
43.5,60.2
32.2,18.4
59.2,56.1
2.6,95.9
0.7,89.5
85.2,90.0
4.6,67.4
52.5,23.9
61.5,72.0
19.8,25.3
89.6,94.2
19.0,54.4
88.5,24.4
76.3,32.6
24.1,12.5
15.1,60.5
31.6,55.8
39.8,33.6
24.6,89.5
99.9,24.1
23.0,4.0
83.1,1.0
15.9,28.0
98.0,98.8
22.6,47.1
42.2,16.1
55.9,17.5
12.0,72.0
81.7,30.1
27.5,11.1
54.9,67.9
55.0,33.1
60.3,32.2
5.5,93.0
16.9,79.2
16.1,65.6
30.2,86.1
14.5,27.1
92.2,35.6
51.3,0.2
62.4,28.9
35.7,56.1
27.6,74.6
50.3,88.5
29.4,27.0
34.4,70.1
45.3,76.2
50.6,97.1
98.4,10.5
22.3,5.5
48.8,63.8
15.0,3.6
35.0,57.2
71.7,44.3
17.4,17.3
58.1,7.0
41.7,82.7
5.2,75.9
93.3,97.6
41.4,2.3
78.4,33.3
41.6,64.0
93.7,21.2
29.0,40.4
41.2,38.1
75.9,78.3
34.4,62.5
36.4,30.1
99.5,5.5
55.6,5.4
68.9,1.1
64.3,87.2
82.8,45.3
86.2,30.9
56.3,91.9
29.5,62.5
2.3,71.0
61.4,13.0
82.5,20.0
45.1,85.7
16.5,81.1
28.8,77.9
51.0,89.2
83.7,48.4
17.2,57.0
61.2,63.0
75.3,53.5
93.6,2.7
11.7,40.3
92.6,2.9
60.1,21.8
76.7,64.2
5.4,32.0
50.6,30.3
62.3,90.4
30.7,84.2
43.2,2.3
55.4,11.5
55.3,92.8
4.2,81.0
43.9,96.6
21.4,72.9
91.7,90.1
97.7,17.8
30.0,83.8
17.5,3.2
22.0,91.3
47.8,58.4
87.5,5.3
50.0,71.9
5.5,31.6
4.0,24.0
22.7,14.5
84.3,49.5
62.1,7.0
56.3,83.7
31.9,7.0
92.9,94.1
33.1,66.2
83.5,57.8
89.6,84.3
48.3,31.3
89.4,7.1
27.7,4.1
65.8,93.0
8.8,1.8
47.4,21.3
21.7,76.0
6.3,38.1
0.4,53.1
32.5,47.2
59.0,16.0
45.5,32.5
30.2,46.3
99.1,74.2
94.0,23.3
12.6,69.5
41.5,90.7
64.9,85.8
73.3,0.3
36.6,1.5
74.6,57.6
12.4,4.4
33.2,64.1
71.6,35.7
62.6,75.2
83.7,90.3
4.7,41.6
17.4,4.5
4.8,98.2
19.2,26.6
0.4,99.4
50.4,35.3
52.8,10.1
65.8,1.7
38.5,91.3
0.3,63.2
67.4,96.0
5.4,37.6
86.6,73.4
2.3,68.7
53.0,67.6
89.5,47.3
57.2,46.9
60.8,2.8
68.2,10.8
12.2,14.8
67.5,55.3
88.0,1.0
97.4,73.4
44.3,93.1
34.5,79.5
75.3,12.5
54.3,44.4
25.7,60.9
17.2,58.7
17.0,4.4
45.9,82.9
17.0,10.0
2.0,9.7
5.2,31.9
93.0,49.3
7.3,86.5
7.3,79.1
45.1,88.9
24.5,29.1
96.3,84.3
91.1,85.2
40.5,50.1
44.9,61.5
37.5,36.5
3.8,40.7
29.3,74.1
12.3,19.7
10.2,14.1
56.1,13.2
9.9,64.2
10.3,9.7
48.1,86.4
44.2,73.1
13.8,83.2
0.4,1.4
19.3,14.3
23.6,83.3
80.0,73.0
91.5,14.1
40.6,6.3
40.5,77.8
71.2,3.1
62.7,48.5
18.4,53.9
10.8,81.4
43.8,44.6
56.5,36.9
13.9,34.4
29.3,61.6
30.6,66.2
26.1,86.8
46.1,13.1
65.3,38.1
50.9,25.6
20.1,4.2
10.3,60.7
82.2,94.1
47.9,16.8
6.2,96.6
25.8,15.1
80.4,69.1
75.2,71.8
87.6,19.3
60.2,36.9
42.3,11.0
42.7,15.7
19.4,61.8
65.1,63.3
58.5,10.1
15.5,39.4
88.6,27.6
36.8,36.7
5.0,1.6
32.8,65.3
87.0,41.8
91.7,87.2
49.0,95.8
95.6,2.7
87.5,94.3
82.5,69.8
86.0,59.9
38.2,33.6
75.6,87.4
57.7,53.9
72.0,99.2
17.8,88.3
73.1,33.1
95.8,99.5
30.3,42.1
98.6,8.1
37.8,8.2
20.0,16.8
11.2,68.2
78.5,89.3
55.5,20.4
30.7,57.7
60.8,28.9
33.2,17.7
44.8,66.7
86.3,71.2
66.8,34.7
76.2,59.7
58.3,84.5
99.1,97.3
24.1,67.4
26.2,94.0
9.3,18.9
55.4,39.0
61.3,76.3
72.6,97.3
33.5,91.0
1.2,43.3
63.2,55.8
99.9,66.3
29.5,83.1
18.4,0.8
28.2,97.8
42.5,57.0
25.1,55.8
34.7,27.9
63.8,7.5
34.5,56.8
39.6,52.5
4.0,4.2
91.8,31.0
40.7,55.1
32.8,95.4
8.6,34.5
63.4,96.5
86.4,40.3
4.1,75.0
14.5,28.3
14.6,83.2
60.2,19.7
92.1,40.7
43.8,59.4
34.4,97.9
76.6,36.6
74.3,47.6
24.7,66.9
16.1,96.2
35.8,22.3
77.6,32.1
69.5,84.9
66.6,63.6
82.9,55.3
27.7,83.2
34.0,83.5
4.2,83.6
86.9,46.8
58.2,81.0
29.8,12.1
6.9,32.4
72.3,11.9
74.9,19.0
66.6,71.6
20.4,29.5
91.3,25.7
75.3,10.2
65.8,4.5
65.1,98.8
90.4,23.9
92.8,11.7
59.6,93.1
41.7,17.4
36.4,24.0
81.9,73.6
64.5,9.4
7.7,60.1
14.2,98.5
90.0,30.0
88.4,37.7
95.2,99.5
42.8,48.8
78.4,27.4
82.8,57.6
31.6,82.2
14.5,7.3
99.7,81.0
3.0,60.6
59.7,40.4
65.0,8.6
68.2,24.7
25.6,25.3
72.2,46.3
21.6,88.2
82.9,48.7
21.9,64.1
69.7,4.9
78.3,65.4
18.9,74.8
23.8,35.0
77.9,30.4
8.6,35.1
19.1,44.0
45.6,87.5
93.0,7.7
56.2,57.5
38.8,99.4
97.8,46.2
46.4,76.7
43.4,91.5
41.2,58.0
31.2,30.1
32.6,68.9
68.8,44.4
4.1,60.3
68.2,49.7
20.1,11.3
38.4,61.0
14.7,59.9
55.3,46.3
72.9,11.2
35.5,8.6
16.3,47.5
22.7,33.6
81.8,77.6
26.8,38.2
77.5,68.3
33.1,59.5
18.9,52.1
72.7,21.5
46.9,13.0
3.1,83.0
96.0,45.4
14.8,68.6
35.3,5.9
38.5,18.0
48.9,53.8
78.5,51.1
0.6,52.3
93.2,13.8
64.6,40.2
95.1,49.6
81.7,14.6
92.8,97.2
60.1,46.5
35.7,1.2
44.3,22.9
65.8,61.0
42.7,44.8
73.2,36.1
9.2,10.7
83.0,48.6
20.4,45.5
94.4,94.0
15.6,61.5
12.9,5.2
81.2,77.5
81.9,62.8
73.9,6.4
96.1,38.0
27.1,32.0
82.7,40.2
35.2,87.2
53.7,42.8
44.6,25.3
0.6,73.2
57.4,10.6
74.8,41.9
17.5,68.3
93.2,91.5
53.0,95.8
17.8,40.7
64.6,6.2
19.2,35.3
6.4,47.2
68.5,83.0
11.1,36.7
10.6,48.5
74.0,19.3
5.5,22.0
81.0,27.2
79.6,51.0
14.1,20.6
51.8,45.4
9.7,75.4
63.3,66.2
6.3,39.1
94.4,50.9
20.8,39.9
68.3,66.8
12.8,50.1
21.0,8.1
45.1,5.3
57.3,26.2
99.9,59.0
2.6,98.7
0.0,41.8
35.0,92.3
36.6,62.4
88.4,62.3
91.3,14.9
88.1,67.3
14.3,30.7
41.2,58.7
74.6,24.6
31.3,94.7
66.3,69.6
23.7,2.3
32.3,1.9
86.0,86.5
25.1,33.8
96.4,82.1
30.6,66.6
2.4,35.6
25.5,11.6
17.1,38.3
50.7,10.9
11.3,35.6
62.6,65.1
87.5,75.7
36.3,47.4
16.8,18.3
40.0,66.2
78.6,65.8
59.1,52.6
10.1,76.2
53.7,6.8
46.8,47.6
32.7,81.1
11.0,19.2
98.1,63.2
17.6,27.8
19.3,63.9
14.6,11.9
57.0,1.4
44.4,41.0
25.0,55.0
42.9,22.6
67.4,81.4
28.2,30.0
91.5,46.8
30.6,56.6
19.8,30.4
95.5,49.7
81.1,58.6
34.3,19.9
84.1,23.9
51.9,36.8
34.7,16.7
84.0,52.5
75.2,98.7
29.8,8.4
60.7,36.3
36.9,58.3
0.1,9.0
96.2,74.9
55.0,15.3
59.8,55.2
60.0,31.2
55.1,84.2
29.0,44.6
97.2,19.7
62.2,81.8
67.1,75.0
45.5,65.0
28.8,83.5
6.4,4.7
35.0,17.7
17.6,44.8
66.2,76.9
87.9,49.2
30.3,34.6
33.3,71.7
67.0,10.9
14.9,16.7
92.9,57.2
36.4,61.3
10.1,49.0
17.5,26.6
93.3,38.3
24.7,35.9
66.2,64.8
15.6,79.1
19.4,76.3
87.9,85.0
14.8,39.2
1.9,14.2
50.1,44.2
86.3,72.9
32.6,96.7
12.8,61.3
98.2,48.6
67.7,20.6
85.1,91.8
75.2,15.0
69.8,71.1
38.5,54.7
32.4,57.5
71.7,32.2
71.7,61.9
95.1,64.8
56.9,0.3
29.5,89.8
49.0,80.8
61.4,55.9
42.7,7.8
79.1,85.9
58.5,0.5
0.9,3.6
57.0,94.7
63.4,40.7
91.5,34.0
41.4,23.1
57.4,90.1
47.5,27.6
53.2,47.0
6.7,73.3
89.7,48.1
91.0,15.1
54.8,39.1
55.7,63.3
5.8,57.4
59.8,99.2
42.9,19.4
70.9,66.1
4.7,67.0
71.1,61.0
28.7,2.8
65.2,42.6
62.7,70.0
22.7,42.7
44.0,81.4
83.6,52.3
60.6,24.7
6.9,83.0
44.3,40.7
31.2,20.9
64.2,91.7
61.5,28.4
1.0,0.6
60.8,16.8
73.5,28.2
76.9,24.4
5.9,8.6
30.4,93.0
42.1,21.6
18.0,68.4
42.1,18.0
7.1,70.8
11.3,91.9
66.9,40.3
26.3,66.7
71.1,38.7
4.8,29.3
56.3,69.5
39.1,60.3
79.7,37.8
78.4,49.8
37.6,3.3
62.3,61.3
22.8,42.9
58.0,61.4
8.1,10.3
43.5,93.6
18.3,97.0
88.3,37.9
44.5,4.2
59.1,85.0
36.0,65.3
28.9,27.2
20.3,93.4
91.2,28.5
79.9,29.4
13.3,15.1
74.7,1.6
41.9,27.4
1.5,91.2
52.8,3.3
13.0,39.2
21.0,55.9
69.6,87.4
25.7,72.1
89.2,21.0
65.7,36.7
83.2,46.5
61.5,39.0
86.9,19.4
36.2,18.5
54.9,80.1
51.6,13.3
90.4,75.3
16.5,10.6
57.8,50.7
75.4,63.9
37.0,77.8
86.8,35.4
37.3,45.9
17.3,84.3
58.4,94.3
42.1,74.9
1.5,45.2
7.0,26.2
19.5,99.8
76.9,30.6
89.2,44.5
54.6,48.7
10.6,61.4
53.4,76.3
85.6,96.6
74.9,38.5
29.1,49.6
12.4,99.9
90.1,67.5
85.4,50.9
5.4,2.3
82.4,70.8
9.7,47.8
6.3,22.2
75.9,42.3
53.6,98.9
41.5,99.6
90.4,82.0
83.9,32.7
5.8,33.6
61.6,72.6
77.2,26.6
55.0,53.3
98.3,42.4
68.6,6.9
10.4,48.9
19.8,50.1
82.6,22.2
99.7,71.1
9.8,49.4
10.0,90.9
76.3,88.5
6.4,22.4
6.9,82.6
88.9,81.4
80.0,17.5
88.2,79.0
65.1,32.1
32.3,57.1
90.6,60.2
29.9,82.6
27.6,56.9
88.6,56.2
68.1,70.4
89.6,63.0
15.6,25.5
95.2,84.8
61.3,29.3
66.8,68.0
91.4,55.8
38.1,39.7
72.0,51.2
64.0,2.2
78.8,57.3
89.7,79.1
68.0,90.2
6.8,73.0
18.3,59.0
95.4,57.5
96.9,62.2
96.7,10.2
3.7,50.0
38.2,73.1
76.0,25.0
75.3,35.0
8.6,51.0
60.9,91.9
14.3,14.3
49.3,46.8
24.0,38.7
5.3,99.1
8.0,24.4
91.1,33.2
74.5,22.1
93.2,40.7
47.0,68.6
41.3,11.9
35.8,27.5
61.6,37.9
35.2,29.6
74.6,73.7
80.1,34.6
87.6,15.7
24.3,55.7
52.7,29.2
22.3,92.3
3.8,34.3
70.8,43.7
54.9,10.4
72.4,20.4
8.8,60.8
99.6,14.2
99.4,72.3
46.5,82.9
86.6,59.9
24.4,5.1
73.8,48.6
87.9,40.2
81.5,0.7
81.2,46.7
46.3,14.8
82.0,36.8
69.1,11.5
13.2,32.3
11.4,45.5
77.2,69.5
62.5,80.9
51.9,4.2
90.7,98.9
66.0,7.1
39.6,92.3
41.4,78.3
60.5,49.6
76.0,52.5
56.4,41.3
50.9,71.5
72.7,78.9
70.5,76.2
83.0,83.6
6.3,66.7
75.5,4.5
51.4,94.1
7.5,44.4
67.9,82.8
71.7,43.2
52.4,38.0
79.4,44.4
30.0,80.6
20.2,41.2
35.1,81.2
41.0,44.6
69.6,74.2
84.6,25.5
72.1,64.3
17.4,19.1
36.6,55.3
15.8,59.2
68.7,33.0
24.8,46.1
52.5,79.0
79.2,35.7
67.1,39.7
29.8,24.4
33.3,38.4
65.3,63.0
54.9,53.6
9.6,96.7
87.4,93.8
51.3,76.8
47.3,31.4
19.8,67.9
37.7,52.2
33.3,71.7
27.1,36.7
56.7,63.1
46.2,67.3
88.9,25.3
94.1,97.9
21.9,13.4
10.0,44.9
78.5,22.1
99.5,48.3
86.4,97.8
2.4,16.8
25.1,64.5
4.3,79.0
82.1,0.6
58.1,47.8
51.4,99.4
55.4,78.1
25.2,6.8
60.2,95.9
3.1,38.1
64.6,78.7
73.4,18.8
67.3,76.4
33.2,16.2
82.6,0.7
71.6,12.8
12.8,18.6
19.5,82.2
63.7,29.6
28.9,77.4
11.9,90.8
15.5,20.6
16.6,28.9
47.8,57.3
60.7,63.4
17.6,73.9
71.2,20.6
28.1,53.1
31.2,7.1
22.3,29.1
78.5,90.4
96.0,94.4
49.2,14.0
4.2,96.1
26.1,57.7
15.8,37.2
84.3,49.4
8.5,91.8
96.6,42.1
58.9,24.8
51.8,15.7
84.7,3.6
2.8,61.0
77.7,5.1
11.7,56.8
84.1,0.9
52.9,14.3
6.1,3.8
83.3,66.2
2.7,26.8
13.8,15.9
79.8,86.9
46.5,50.2
88.1,1.8
63.5,15.7
62.4,95.3
29.2,83.3
13.4,49.0
96.1,51.7
10.5,22.1
52.9,43.8
27.3,84.8
26.4,24.8
59.5,96.1
79.8,16.0
77.7,0.9
86.9,12.9
29.3,29.1
46.6,10.9
0.9,52.8
74.7,47.2
30.2,33.4
56.1,89.9
16.9,31.6
81.9,66.8
81.7,49.7
87.7,73.3
4.6,78.0
99.2,59.9
24.8,23.5
30.9,49.2
24.9,65.1
26.8,20.7
55.3,7.0
24.0,21.7
39.4,64.2
65.6,21.4
83.6,38.6
69.3,18.3
59.4,42.0
14.8,30.8
81.6,39.3
3.7,82.5
26.4,94.4
5.7,13.0
66.7,93.4
36.8,85.6
65.2,9.3
34.7,68.5
45.6,17.2
45.8,19.5
4.6,57.8
43.0,13.8
64.1,93.3
54.6,71.8
7.5,71.3
66.8,80.1
30.9,17.3
1.4,74.4
15.6,44.4
49.8,36.1
31.0,65.3
69.4,26.1
24.1,72.2
77.3,33.9
28.6,51.2
62.1,26.2
79.9,44.1
38.6,78.3
4.7,51.2
53.5,90.3
99.5,72.3
96.9,49.6
22.1,27.0
75.6,66.0
34.5,47.3
16.0,73.2
66.6,30.6
50.1,96.2
53.9,42.2
82.7,23.2
33.7,32.6
66.7,92.2
36.6,73.3
4.3,25.0
37.8,47.9
95.0,72.6
48.3,86.2
10.8,59.2
68.8,62.2
96.3,58.1
90.8,3.0
57.2,83.0
37.6,50.8
58.1,61.3
81.6,34.4
86.1,72.2
81.9,57.3
45.5,96.5
11.9,4.6
56.9,8.3
15.6,50.0
6.1,19.6
49.9,57.1
65.5,48.5
85.4,28.6
78.3,50.2
85.7,31.5
76.0,15.8
70.3,21.7
1.0,18.4
62.6,91.6
12.0,44.2
5.9,98.1
15.6,69.4
82.3,10.1
74.4,81.1
94.9,17.1
97.9,2.7
89.3,64.6
13.3,94.1
87.8,51.8
83.9,55.3
87.1,34.5
15.2,82.1
11.7,25.0
92.4,20.5
17.4,76.7
36.9,26.4
45.6,30.5
12.4,23.3
2.1,60.2
99.4,51.5
87.7,51.3
91.2,27.5
28.5,36.1
22.0,22.8
42.6,67.8
45.3,87.5
0.6,90.2
77.9,70.2
99.7,62.2
52.9,20.0
38.8,38.8
39.3,27.4
9.6,20.0
26.6,16.8
50.2,42.2
43.2,76.2
54.5,33.3
84.9,48.6
22.5,51.7
2.8,82.3
3.8,96.3
13.4,94.2
57.0,99.8
80.8,76.2
88.7,53.5
63.5,76.6
40.3,67.3
15.5,48.3
40.1,94.6
33.2,75.4
87.0,76.6
48.7,19.9
22.6,41.6
28.9,73.1
13.6,26.4
91.9,19.9
5.0,61.6
1.3,65.8
18.3,24.2
81.1,8.8
52.3,96.9
62.6,89.7
35.8,5.9
6.9,22.1
85.6,47.4
19.2,94.5
3.3,47.3
57.3,2.8
8.3,54.4
9.6,30.9
80.0,45.1
49.2,32.1
24.2,14.1
34.9,76.6
72.9,88.4
6.6,43.3
11.6,39.4
61.6,98.4
60.7,5.8
97.2,29.0
37.5,16.1
6.5,14.0
53.8,74.0
63.8,40.2
14.0,69.6
55.3,18.5
19.8,5.0
84.5,52.5
83.5,16.7
43.0,95.9
96.7,54.4
98.0,76.6
12.9,62.5
36.8,18.4
60.0,54.2
8.5,10.2
38.3,76.9
26.1,46.8
95.2,1.5
41.2,31.8
76.3,56.8
38.7,55.2
13.2,60.4
86.3,54.8
0.0,16.7
5.6,35.5
36.4,91.5
68.7,84.5
34.2,79.3
6.6,6.7
31.8,83.8
24.5,50.5
0.5,76.3
53.5,16.6
11.7,36.3
28.7,27.6
64.1,35.4
72.5,78.1
26.3,54.4
32.9,56.1
24.7,5.1
95.7,31.5
19.1,77.6
18.3,64.4
44.5,27.9
18.9,48.4
15.7,68.7
9.6,38.1
64.0,80.4
61.2,66.1
65.0,18.3
77.3,56.2
32.6,30.3
91.8,59.3
73.3,62.9
80.5,48.5
72.1,47.7
35.8,89.6
28.3,68.2
42.3,94.6
9.7,64.9
45.1,2.9
4.3,28.9
0.4,17.6
93.1,18.9
68.9,54.4
56.2,55.7
34.1,59.7
57.1,1.7
89.2,12.4
65.2,10.7
60.2,33.3
46.0,99.2
34.6,79.8
69.9,55.9
98.1,43.9
42.5,83.1
39.2,90.5
42.8,10.5
42.6,75.6
99.1,87.9
70.7,17.9
35.9,67.8
37.2,73.3
43.1,7.6
3.7,16.5
52.8,64.8
81.1,95.7
66.1,40.7
19.8,43.3
72.8,24.1
71.9,40.2
26.3,83.2
62.3,87.5
61.1,29.8
84.0,93.9
13.6,50.2
19.5,27.4
48.6,8.1
4.4,44.7
41.6,18.8
78.8,11.9
14.9,70.4
46.0,45.0
99.0,82.0
50.6,85.6
49.8,72.5
55.9,93.3
18.6,84.5
14.7,88.3
67.7,64.0
39.6,88.7
29.0,85.0
3.1,88.9
84.6,26.9
3.2,49.7
75.0,67.4
38.2,97.5
59.9,14.3
24.8,95.8
15.5,75.9
53.3,85.7
69.6,46.7
19.5,54.8
43.6,50.8
44.5,67.3
21.6,50.5
56.5,8.6
14.6,49.3
51.0,39.4
11.3,79.7
48.6,61.0
31.2,81.8
45.2,23.3
43.4,56.2
90.8,87.0
49.0,86.0
81.8,7.5
22.6,55.2
35.2,12.7
7.5,5.0
42.1,59.0
66.9,12.1
83.8,55.9
56.6,80.6
64.0,13.6
17.7,81.8
3.7,79.2
79.2,38.4
16.7,78.3
9.1,90.0
93.8,28.9
96.4,60.6
61.6,88.4
37.9,76.7
83.3,46.8
20.5,73.6
42.9,59.7
35.7,27.5
91.3,39.6
92.0,92.3
65.1,19.9
11.1,26.5
48.2,79.4
24.5,95.6
88.5,10.8
13.8,44.1
5.4,89.7
70.4,77.2
45.3,36.6
83.8,53.9
7.5,83.3
80.1,89.1
3.7,42.1
2.8,5.3
46.1,60.5
22.1,69.4
59.4,10.0
2.6,80.1
3.5,79.7
72.7,31.3
21.0,34.0
65.6,90.6
75.0,57.6
5.9,6.7
77.0,59.0
26.8,13.2
39.0,78.9
8.7,96.5
83.9,88.7
56.1,77.6
50.5,30.4
96.9,3.9
33.5,85.7
89.1,15.0
72.0,44.6
92.9,5.0
90.8,50.8
99.1,7.4
13.2,4.7
79.6,2.8
80.4,83.6
64.4,36.2
27.9,68.2
96.5,19.3
20.4,24.1
50.0,74.4
52.1,37.8
16.2,95.6
72.3,24.2
8.9,19.7
69.3,60.4
84.9,34.5
34.9,89.3
70.9,84.7
15.7,62.5
84.6,11.5
95.2,36.0
15.3,89.0
69.2,20.2
50.6,8.4
53.1,41.6
70.6,18.6
48.9,37.9
60.0,90.6
23.1,44.1
37.9,2.9
86.5,11.7
11.0,75.0
59.8,94.3
18.4,91.7
84.7,49.8
57.9,46.6
40.3,9.6
25.0,37.3
43.7,28.7
95.8,55.0
50.9,40.4
46.9,31.5
74.6,72.2
37.9,86.0
42.7,63.7
33.7,75.6
15.1,39.0
71.4,84.6
87.3,27.1
90.6,60.6
88.1,73.2
45.2,51.2
28.4,4.0
63.8,4.3
95.5,33.9
72.7,80.7
49.5,83.7
68.9,75.5
77.3,54.8
91.9,18.2
76.3,94.9
43.3,8.3
27.4,76.5
50.0,32.4
32.8,25.1
94.3,11.0
50.8,61.0
47.2,76.7
34.8,13.7
63.9,25.3
52.0,54.3
12.9,90.8
86.9,82.8
35.9,93.8
43.3,98.4
20.6,91.5
55.3,75.6
70.2,28.6
88.1,100.0
5.2,4.7
97.3,55.0
70.4,58.3
28.4,75.0
20.4,76.4
29.6,14.2
87.6,88.3
29.1,34.2
46.3,47.7
70.6,27.6
87.2,78.5
65.9,93.5
75.3,1.5
17.3,41.4
87.7,94.8
27.6,57.7
12.8,83.9
97.6,43.6
20.2,57.4
13.7,74.0
62.6,54.9
31.9,19.1
13.3,43.8
60.1,37.8
75.9,58.5
79.3,38.7
15.6,38.4
55.7,83.6
81.4,35.1
16.1,6.9
20.8,59.5
0.2,8.7
52.5,65.5
19.5,3.4
72.4,0.6
96.2,90.8
20.9,36.9
64.9,88.6
21.2,20.5
1.8,18.1
75.9,26.8
43.4,1.5
94.7,64.8
53.4,75.6
15.7,99.2
45.0,50.4
20.3,89.1
87.8,70.3
69.1,62.0
34.1,13.8
52.8,26.6
66.9,63.5
78.3,70.8
8.0,30.0
2.3,25.8
11.4,56.2
39.5,21.9
46.7,83.5
13.6,37.8
41.1,47.8
44.2,3.6
10.9,4.7
91.7,48.4
59.9,72.6
38.9,35.7
50.7,29.2
31.4,2.7
85.4,5.8
57.5,10.3
49.5,33.3
91.1,84.2
83.8,35.5
81.3,84.7
22.6,68.8
15.3,79.4
69.0,87.8
46.9,89.8
68.4,42.1
76.1,81.6
29.5,81.6
28.5,6.4
49.1,15.9
27.4,66.0
66.7,89.1
74.7,40.2
47.2,85.2
72.4,68.9
51.0,60.9
71.3,82.8
22.5,41.9
73.9,57.3
71.5,11.7
26.7,19.9
55.6,21.3
85.5,61.0
25.0,85.8
73.6,17.9
95.4,67.4
86.6,3.2
40.2,23.2
60.7,5.7
99.2,68.5
56.8,13.2
11.5,77.8
4.5,90.8
79.0,71.5
42.4,45.2
24.7,51.4
34.8,92.1
75.7,1.9
46.5,3.2
86.8,32.5
73.5,47.5
97.4,86.8
88.9,31.6
25.5,56.3
65.9,75.9
2.1,87.1
99.1,47.7
26.1,77.3
66.5,98.0
84.9,20.7
16.0,12.2
84.8,29.6
1.2,11.6
44.2,66.1
47.2,9.2
37.4,12.1
58.6,91.8
91.5,24.0
32.7,68.4
57.9,62.6
87.7,90.2
77.3,19.7
4.1,83.0
94.3,50.0
4.7,55.5
58.9,68.9
57.5,1.2
78.6,28.0
14.8,58.3
17.9,87.5
75.2,86.8
15.0,59.0
46.9,85.7
73.2,3.1
65.1,62.2
21.1,84.0
30.4,61.6
96.9,81.6
44.9,63.5
4.4,56.3
22.0,64.7
34.2,68.6
99.9,42.9
30.3,59.7
2.6,5.2
51.3,30.0
8.4,20.9
27.4,86.2
99.2,85.0
70.5,18.0
5.1,25.6
44.9,51.1
17.2,78.2
12.3,91.0
58.7,43.5
50.6,61.2
74.3,28.8
89.2,69.1
24.7,90.1
92.3,68.4
51.8,64.7
25.9,92.1
84.6,93.2
3.6,16.4
56.0,81.5
72.2,46.0
28.0,21.5
86.3,36.7
24.0,1.7
84.0,54.8
7.9,25.0
16.0,86.9
38.1,31.5
85.4,21.1
14.5,26.2
87.5,59.4
23.0,69.2
45.3,34.1
35.3,22.2
11.8,81.8
94.4,37.1
43.8,49.2
69.0,8.4
57.5,87.9
50.2,70.5
61.7,68.8
89.8,76.2
69.9,61.8
53.2,93.7
64.5,11.7
60.6,19.0
43.3,40.6
62.5,33.7
44.4,62.1
75.8,80.0
96.9,39.4
96.0,21.9
82.1,75.1
60.2,87.9
74.9,35.4
17.8,7.4
47.9,2.4
25.7,68.0
0.3,15.9
96.7,85.9
86.4,15.1
51.4,12.3
25.4,15.7
69.3,45.4
43.5,20.1
80.3,75.7
100.0,8.3
34.9,34.2
24.4,81.3
26.7,77.1
9.3,13.1
39.4,98.2
1.7,11.5
11.4,11.2
27.2,20.1
16.0,99.5
73.2,91.0
10.6,51.7
86.6,51.3
22.1,55.8
10.9,48.6
1.0,98.6
71.5,36.9
25.7,48.9
50.9,21.0
11.2,10.4
98.5,21.2
12.5,62.7
41.2,8.8
85.2,12.7
24.5,49.5
26.7,23.9
80.8,34.9
27.3,86.8
0.3,56.1
42.8,6.5
1.3,76.3
91.0,39.9
64.2,62.6
58.3,98.4
20.2,94.0
70.0,54.2
67.7,78.7
6.0,15.2
88.1,89.6
57.9,48.6
79.2,59.9
26.3,71.2
12.2,77.1
70.2,14.5
79.4,52.5
38.6,8.1
2.4,54.6
81.8,62.9
20.6,10.1
33.9,73.7
62.8,42.6
10.0,37.9
7.2,3.6
2.6,40.9
91.7,37.5
31.1,81.1
66.1,62.4
98.9,24.2
66.9,64.1
52.5,13.4
52.1,24.0
37.7,14.6
60.0,47.3
95.9,54.8
78.8,55.3
42.4,77.6
33.2,17.9
88.4,92.5
13.6,4.2
85.0,50.9
25.5,15.8
71.6,85.1
80.6,35.1
47.7,15.1
19.2,13.6
84.5,35.7
36.8,66.9
32.1,45.1
51.0,83.8
43.5,64.2
68.3,23.5
13.7,55.4
43.6,23.2
89.2,25.2
3.6,48.6
45.7,31.4
66.1,96.2
88.8,3.3
59.4,70.4
82.4,81.7
22.3,85.6
35.3,7.8
94.2,83.5
88.6,69.7
55.8,22.3
47.5,4.1
45.1,80.9
5.9,16.3
89.2,52.2
81.8,75.9
45.6,53.7
27.9,70.3
34.3,73.8
12.3,26.1
72.2,26.6
55.7,45.0
23.4,1.5
62.3,40.7
97.9,73.0
12.2,43.9
45.8,34.1
49.4,46.4
16.7,40.4
53.2,44.8
60.6,96.2
15.7,45.5
15.5,85.5
85.6,58.8
31.1,44.4
63.0,18.6
62.7,2.0
83.9,52.2
74.0,66.3
84.1,50.8
62.5,23.4
44.9,15.8
39.4,57.4
37.9,68.4
41.8,64.8
12.9,94.5
42.4,16.5
38.9,59.2
3.5,80.3
27.5,28.2
75.2,45.0
57.8,17.2
80.6,91.1
54.3,43.5
85.4,74.8
79.6,27.7
9.8,60.9
97.7,26.4
1.5,41.9
59.7,87.3
79.3,15.0
33.2,30.2
59.9,25.3
36.2,6.1
6.1,64.2
0.8,63.8
9.5,43.3
9.8,88.9
61.1,49.4
52.6,96.5
45.5,77.3
69.2,75.9
1.7,61.5
27.1,9.3
77.7,76.9
91.0,10.2
43.8,4.8
8.1,31.9
79.9,71.1
88.5,33.3
41.4,40.0
24.3,32.2
4.4,58.8
59.1,32.0
91.0,97.9
67.8,76.3
31.7,66.3
64.3,2.0
83.2,90.0
47.6,19.5
82.0,63.4
39.2,68.6
34.9,66.4
58.3,22.4
46.5,88.2
97.7,67.1
51.6,49.0
38.5,74.0
39.5,8.9
54.8,34.7
35.5,26.5
72.3,98.1
38.1,16.8
38.4,79.6
61.7,97.1
6.1,16.8
65.5,31.4
50.5,58.4
45.3,17.3
71.9,91.0
75.8,41.0
84.6,64.1
37.5,27.4
32.7,56.5
71.4,14.4
58.2,90.5
63.2,19.9
55.6,79.2
77.3,6.0
19.0,60.2
55.6,69.8
15.8,48.5
40.7,96.0
66.4,15.2
49.3,60.4
38.0,10.0
88.5,70.6
77.3,93.6
52.6,12.7
95.0,78.8
42.4,84.3
78.8,31.2
16.8,70.3
28.6,96.4
33.8,66.5
10.6,71.8
50.2,16.8
19.2,75.5
63.4,2.7
19.0,84.6
12.4,95.7
96.9,67.1
65.8,87.5
93.6,34.0
49.0,95.4
3.3,96.3
57.4,47.0
55.8,24.6
1.5,22.1
86.1,4.5
62.0,17.5
74.5,59.5
49.4,0.6
61.8,67.1
25.7,87.9
97.4,8.6
40.1,10.5
16.2,61.1
5.6,79.6
63.6,41.4
98.3,76.5
89.6,51.0
70.2,3.5
99.1,82.9
72.3,64.8
33.9,93.9
60.1,46.6
8.0,96.2
22.2,27.3
41.8,3.3
20.2,60.0
95.4,50.8
99.6,63.9
37.1,50.7
70.9,37.5
40.8,44.2
14.0,36.9
33.7,13.6
23.3,66.3
32.8,4.4
21.5,1.7
11.2,22.7
21.7,25.1
90.6,7.1
8.5,96.7
32.5,3.1
52.8,34.3
35.5,79.1
51.8,66.3
4.3,65.0
64.9,24.9
56.3,87.8
68.1,8.9
56.7,87.6
43.8,77.2
35.0,55.1
22.6,97.6
50.0,96.0
2.6,16.4
32.8,80.8
67.8,78.7
10.9,79.0
6.3,61.2
65.2,10.4
39.8,22.2
80.2,36.8
93.7,63.0
95.7,57.9
42.6,55.2
26.4,36.5
60.9,58.5
62.8,73.8
62.2,15.5
32.2,96.3
6.4,34.5
21.0,21.4
15.4,31.0
12.4,85.8
92.6,25.1
1.4,5.9
60.2,24.0
94.7,11.4
36.0,44.6
52.7,35.0
69.6,90.5
31.7,56.1
47.8,54.1
81.7,82.8
74.5,72.6
80.8,78.7
98.7,50.5
37.0,1.3
74.7,93.0
60.3,87.7
66.7,77.0
74.0,99.1
75.0,93.3
88.6,76.5
34.9,63.9
65.3,51.9
28.0,58.6
59.5,30.4
75.1,41.5
79.1,78.0
42.0,50.1
50.9,72.0
33.4,95.6
16.9,15.3
26.1,84.1
91.2,6.6
30.9,85.1
97.5,76.7
24.1,81.2
72.3,78.8
57.4,50.2
69.7,7.4
64.4,43.9
70.7,37.2
90.6,48.8
56.3,30.8
6.8,82.8
27.1,45.1
70.8,42.2
49.4,95.6
54.9,37.5
59.7,74.9
38.3,61.4
77.4,84.5
72.4,73.8
71.4,2.4
71.5,44.6
89.0,77.9
59.5,27.4
96.7,34.1
11.9,40.6
63.2,43.1
71.7,60.9
47.7,24.9
28.8,4.2
55.0,51.4
36.5,9.2
90.9,18.3
35.7,6.9
17.6,79.4
57.6,10.5
39.6,74.9
9.6,73.4
56.5,82.6
53.8,91.0
17.3,4.9
59.8,39.2
56.7,92.7
77.4,77.6
36.2,18.2
24.9,41.7
95.1,60.9
56.1,37.7
2.7,50.0
82.1,39.4
19.7,78.2
78.6,66.4
70.5,26.2
96.9,96.8
96.6,82.9
27.4,30.3
76.6,35.1
31.7,84.7
62.9,92.1
59.8,22.9
5.5,21.4
0.5,36.7
5.8,59.2
12.8,2.3
25.8,51.2
90.7,22.8
51.9,81.5
79.7,42.3
83.8,70.2
73.5,52.4
39.1,83.8
86.4,48.0
74.2,91.8
74.3,63.7
90.2,28.4
59.9,36.8
52.9,92.1
89.0,28.2
45.4,21.1
81.2,39.5
5.4,42.0
0.1,28.2
52.8,82.1
7.4,60.3
97.7,33.7
0.6,84.6
71.8,99.1
24.3,35.1
96.8,27.2
38.2,8.9
2.7,86.7
2.7,38.6
55.3,65.0
98.7,19.2
98.0,69.0
33.7,57.8
48.3,57.8
10.0,40.0
52.2,52.6
60.0,84.4
25.1,80.5
61.2,94.7
90.0,86.3
0.1,14.1
22.9,50.8
21.0,73.0
12.4,74.0
16.6,23.9
62.6,44.6
10.3,86.3
73.9,91.0
88.7,56.1
92.7,45.6
66.0,60.4
19.7,7.2
8.5,1.3
23.2,54.5
96.2,84.2
96.2,28.5
38.2,4.4
32.6,78.3
51.0,31.1
29.2,48.8
98.0,20.8
22.1,58.7
36.9,4.8
42.9,69.6
12.5,19.3
38.3,97.0
85.7,71.5
14.0,33.3
58.4,10.0
40.7,70.8
17.1,18.9
1.2,83.4
27.3,96.4
6.2,30.4
37.7,70.4
81.0,94.3
72.0,81.3
94.7,53.2
42.7,65.7
70.8,15.4
66.5,28.4
21.7,93.7
30.4,44.8
53.0,91.7
79.7,40.2
46.2,91.0
22.8,69.8
99.3,2.8
11.6,50.8
95.6,92.7
80.9,58.8
83.9,80.5
79.5,94.8
20.8,29.6
63.3,44.6
75.7,46.5
74.6,50.6
27.2,53.6
18.1,5.0
32.8,58.3
48.0,14.5
57.4,12.8
83.7,85.0
76.9,88.6
67.6,25.1
26.3,89.7
47.9,54.9
33.5,64.2
23.5,16.9
1.0,98.0
33.9,90.5
25.6,69.8
57.2,69.2
6.2,29.9
27.1,3.4
4.5,24.6
64.1,63.9
56.8,31.4
33.7,56.0
14.7,83.6
95.8,87.3
58.4,24.2
67.9,75.3
53.1,41.7
80.7,61.5
89.6,19.8
38.3,14.7
69.0,35.7
23.0,50.5
65.2,38.2
39.9,59.2
0.7,4.5
95.6,62.2
86.8,54.7
29.1,51.0
99.8,2.4
31.7,33.2
45.9,46.9
85.1,13.9
30.5,69.3
45.1,12.7
66.6,8.9
13.0,8.2
42.2,39.4
30.9,17.3
67.7,32.9
13.6,28.2
23.3,54.8
71.1,45.9
15.6,7.6
42.2,92.1
71.3,85.1
76.5,69.8
9.5,87.0
85.2,4.2
72.4,83.4
33.9,76.6
76.4,78.3
72.8,83.2
60.1,48.5
55.8,68.2
73.5,62.9
99.9,31.1
57.9,46.9
80.9,36.9
74.4,33.0
85.6,54.1
95.5,42.4
19.3,67.3
16.5,90.5
58.6,68.1
44.9,46.7
57.1,82.8
79.8,13.8
93.2,96.4
41.7,85.7
71.8,44.6
19.7,3.2
53.5,6.1
2.2,48.3
50.4,47.6
54.5,40.3
73.5,2.8
64.9,34.2
35.8,35.3
0.6,56.0
11.5,17.3
97.3,99.1
92.2,99.0
32.5,61.2
25.9,87.4
43.6,91.0
69.0,73.6
35.7,96.5
6.7,48.3
40.3,75.7
26.1,26.0
32.5,83.2
16.3,11.3
65.9,15.3
52.7,21.0
27.1,47.5
55.4,14.7
49.3,70.2
79.6,78.3
95.6,89.8
13.1,74.7
88.4,47.3
70.5,72.2
69.3,23.8
37.4,87.1
34.4,57.8
0.6,42.6
98.2,66.2
60.7,14.1
40.2,31.1
54.4,58.4
4.1,85.7
17.4,94.8
62.3,94.0
51.4,30.9
78.7,71.2
65.9,17.7
60.1,99.4
81.5,36.2
6.8,93.2
69.1,52.6
71.6,42.9
27.5,78.8
19.6,31.4
21.4,60.7
19.8,70.1
52.4,95.3
13.6,2.3
65.9,69.1
10.5,29.1
2.7,55.9
31.9,7.8
19.2,92.0
98.9,79.1
30.3,0.3
22.2,80.4
19.7,40.5
37.4,2.7
60.6,21.2
78.2,98.1
36.5,90.6
62.6,87.9
48.2,49.2
84.6,85.6
56.9,4.6
29.0,35.1
70.4,55.1
82.0,37.8
46.5,88.1
98.7,25.2
87.9,64.0
19.7,73.8
78.7,88.8
60.1,46.6
53.5,34.6
51.4,72.0
85.3,65.1
61.1,13.4
53.8,3.5
4.9,61.1
44.8,90.6
90.8,97.9
71.2,12.9
5.1,62.0
88.4,71.7
82.7,3.6
54.7,70.4
2.2,15.6
56.2,91.1
5.5,81.1
32.0,78.3
62.9,59.6
91.3,9.1
35.8,77.4
86.0,95.7
91.8,15.2
2.1,73.6
23.9,77.0
71.0,48.0
75.7,68.3
39.2,67.8
65.7,5.0
61.2,32.2
74.0,92.4
71.9,87.4
8.6,91.9
15.8,95.4
13.3,52.4
93.2,13.2
91.4,42.0
79.7,55.8
11.7,17.0
57.4,6.5
18.7,70.9
36.8,6.5
26.7,21.9
82.9,83.3
14.4,97.3
64.6,59.1
98.4,11.6
68.7,1.9
7.9,72.2
90.8,31.4
64.3,50.6
45.6,5.8
66.0,4.8
87.9,43.5
47.7,25.9
53.1,85.8
45.2,6.9
7.3,83.3
78.7,71.3
12.6,53.4
39.5,83.0
38.7,15.1
28.0,28.4
40.3,61.5
61.8,74.1
31.1,43.5
17.3,60.5
86.9,10.8
97.1,70.8
45.9,60.6
32.7,96.2
4.7,53.2
3.7,50.5
39.3,54.8
93.0,83.6
73.1,52.3
34.9,21.9
96.8,12.5
42.9,87.1
27.7,40.2
42.6,50.5
21.2,62.2
88.6,22.9
36.1,78.8
65.8,40.5
38.9,57.9
90.2,88.9
64.2,11.4
48.8,15.7
13.2,37.5
90.2,1.0
54.7,26.2
28.5,32.4
87.8,25.6
5.4,98.5
31.4,22.2
53.7,56.9
34.0,41.1
47.7,37.0
26.4,96.9
13.0,11.3
3.7,49.9
15.8,56.5
95.3,99.6
57.5,2.8
48.9,22.7
38.4,66.9
70.8,92.7
14.1,49.1
27.6,91.8
65.6,25.3
47.9,95.2
77.0,88.4
89.7,81.6
82.3,50.2
18.4,15.8
9.1,71.8
16.9,25.0
78.4,82.2
91.4,82.9
92.5,99.7
29.8,72.9
84.0,74.3
53.6,63.0
82.3,48.6
54.8,1.1
14.6,56.6
7.9,39.8
95.7,90.1
42.6,91.8
35.1,27.4
35.6,34.4
37.9,3.9
94.5,95.6
6.3,29.4
11.9,39.2
79.0,91.8
54.9,15.7
12.9,81.9
3.4,69.8
22.4,96.7
26.1,85.5
1.4,26.8
21.6,53.8
73.8,27.6
85.5,23.0
89.8,19.8
39.0,61.6
31.9,56.1
100.0,69.0
76.9,83.4
53.7,68.8
25.5,74.4
32.1,81.6
51.5,92.6
54.2,63.0
1.4,95.9
95.9,64.4
57.6,81.2
58.9,86.0
21.1,35.6
76.5,56.6
73.7,56.1
9.5,77.7
59.5,74.8
65.8,93.7
83.6,3.6
20.6,53.4
87.8,79.8
46.1,11.6
9.7,5.2
10.6,41.4
19.8,72.0
28.3,25.1
49.6,22.4
74.9,44.4
18.7,57.7
99.3,24.9
16.2,24.9
59.9,39.3
92.9,7.8
83.3,75.7
64.8,44.5
71.5,77.9
13.4,81.1
1.0,68.3
43.4,93.4
9.0,44.4
35.8,89.4
22.4,43.9
91.6,58.7
88.0,46.8
81.9,45.7
71.4,39.4
15.4,41.0
4.8,2.0
65.4,62.2
64.2,16.4
36.9,80.5
47.3,94.3
48.9,62.2
24.0,30.7
31.4,28.1
41.8,25.6
60.3,13.0
95.6,39.2
53.8,90.0
73.1,47.9
80.7,31.6
11.4,19.2
65.3,89.8
48.2,32.6
57.2,18.7
3.8,1.0
90.6,74.7
95.3,51.4
0.3,41.7
21.3,0.8
18.0,73.6
78.1,3.8
59.8,59.0
17.7,46.3
81.4,15.4
35.3,67.8
46.1,95.2
38.7,76.1
52.1,90.8
48.0,72.9
27.5,57.5
42.5,12.4
90.8,63.2
50.3,43.4
91.6,30.5
55.0,2.2
76.9,46.2
29.4,80.4
79.0,61.7
26.4,23.0
2.0,42.7
16.1,75.5
2.2,65.7
94.7,53.0
100.0,26.4
76.2,49.6
10.8,70.9
89.9,15.8
74.4,2.8
33.2,79.3
50.2,24.1
66.2,2.9
2.4,97.3
50.2,84.9
73.2,22.0
18.8,13.1
44.4,5.0
53.3,8.6
73.6,4.1
96.4,1.6
84.8,93.6
62.2,27.4
58.4,29.8
60.3,86.6
54.5,32.0
5.9,42.8
69.8,7.1
71.6,53.5
51.2,2.6
87.0,4.9
67.2,39.0
36.3,33.1
2.0,35.8
5.9,4.4
35.2,81.0
46.2,95.3
16.7,0.1
18.9,75.9
23.0,4.2
78.1,26.4
77.1,1.8
38.3,40.1
17.2,80.7
11.1,45.0
8.7,71.6
39.1,72.2
4.6,94.6
33.4,29.6
96.2,18.3
50.8,85.6
82.3,45.2
12.9,76.2
26.8,10.8
94.7,35.5
38.4,57.9
64.8,17.8
97.6,17.4
55.1,83.3
30.5,46.2
53.2,100.0
5.5,55.9
11.2,90.8
0.7,9.1
88.4,99.5
67.1,79.7
29.8,53.4
22.1,49.3
68.3,86.7
92.0,67.2
29.9,46.1
32.2,19.5
85.4,92.8
89.3,28.6
91.4,41.8
29.3,21.1
12.0,42.5
44.0,70.4
29.6,93.8
88.4,78.8
3.7,74.0
63.4,17.8
90.6,61.7
97.7,48.6
65.0,59.7
95.0,44.0
7.6,37.5
35.9,1.8
0.9,82.1
98.1,56.0
90.3,46.8
2.8,41.7
1.8,5.6
36.7,18.1
25.9,38.6
84.7,14.4
16.0,53.1
79.1,92.5
55.4,95.5
37.7,64.4
14.6,30.0
99.8,23.3
61.8,56.0
43.9,37.8
37.1,78.4
90.6,70.6
82.1,86.2
81.1,47.0
61.6,73.1
88.8,70.5
29.9,63.2
70.4,51.1
40.4,83.6
60.0,36.4
99.8,4.8
98.5,59.3
51.3,45.2
57.4,32.4
89.7,41.2
98.6,83.1
77.9,36.4
6.5,68.5
32.3,90.6
89.7,93.3
76.8,84.7
74.2,41.1
66.8,66.0
41.5,11.1
40.3,37.3
80.9,20.9
29.4,74.0
68.5,83.3
72.6,23.6
84.5,71.3
32.0,5.4
74.2,58.2
10.6,58.9
13.8,41.5
41.7,7.9
5.5,52.1
94.8,32.5
90.2,12.1
4.9,79.0
83.8,60.5
50.9,95.3
70.2,65.3
88.7,1.5
57.7,46.2
11.6,67.0
0.3,52.1
49.7,55.7
94.9,38.7
57.3,68.6
37.3,85.2
3.1,81.0
91.5,26.9
32.7,21.8
70.5,36.8
69.4,37.7
25.4,27.7
6.4,87.7
38.5,30.1
31.7,43.7
70.0,58.8
82.0,80.4
22.2,43.3
52.8,52.5
4.1,65.7
21.4,67.9
76.2,84.0
79.3,23.6
77.6,54.3
14.2,47.6
55.1,84.7
42.3,20.2
99.1,72.6
65.4,91.1
93.5,41.6
14.5,91.0
45.1,8.3
77.2,51.4
36.8,6.8
63.3,29.8
51.2,81.8
99.2,8.4
17.4,38.5
93.5,37.1
40.2,96.1
46.8,14.1
52.9,4.7
26.5,76.9
96.4,4.8
91.1,66.2
97.3,50.4
99.7,53.5
67.0,85.5
45.2,2.7
85.1,37.0
2.4,21.1
83.4,95.7
49.7,54.2
67.3,56.8
37.4,55.3
36.9,82.1
3.2,45.9
42.4,75.0
40.8,41.7
22.5,18.5
24.7,10.3
58.4,30.8
31.8,22.2
83.0,98.5
11.1,56.6
57.8,93.8
16.0,32.8
52.8,96.3
55.3,73.0
64.2,12.5
42.7,93.7
50.9,40.5
18.1,29.8
46.3,56.7
37.3,31.7
66.6,88.7
43.5,89.0
77.9,68.7
42.6,0.8
23.6,83.3
27.4,68.4
4.5,20.1
54.0,62.5
83.1,46.2
76.9,57.1
43.8,36.2
19.6,81.9
86.3,8.3
5.7,66.6
39.9,79.6
85.7,0.0
39.3,41.4
11.8,67.3
26.6,37.3
60.0,61.0
15.2,38.9
65.5,97.9
43.8,54.7
33.4,70.1
24.1,11.5
82.3,57.8
39.7,46.7
73.8,76.7
44.0,22.5
9.2,74.4
44.1,91.2
50.8,7.4
45.8,38.3
81.6,73.6
91.1,54.5
78.7,91.8
58.3,30.7
54.1,5.3
64.5,9.4
28.8,62.1
81.2,68.9
85.7,66.5
26.7,78.4
90.3,41.6
84.9,55.1
42.4,35.3
90.9,47.0
12.0,39.8
2.8,68.0
34.8,40.4
56.5,0.6
35.1,13.6
94.2,80.8
25.5,47.5
28.1,0.3
63.5,62.1
0.4,8.1
72.8,3.5
37.7,88.2
97.8,20.5
69.1,24.0
5.2,68.2
9.3,3.4
8.8,38.7
95.3,31.1
68.4,23.2
42.8,99.0
20.0,47.4
87.4,39.1
20.2,7.3
70.7,68.9
76.3,48.4
29.5,44.5
50.5,78.9
22.3,77.1
37.9,6.3
96.5,0.8
69.3,81.2
84.7,37.1
54.1,29.2
23.9,3.9
71.3,66.0
50.1,44.9
17.7,26.2
41.2,55.3
63.5,83.3
73.5,68.8
24.3,37.4
87.6,17.3
38.0,65.1
27.1,24.1
19.5,59.8
80.4,42.3
35.4,23.1
48.3,79.1
22.3,37.8
68.6,68.5
78.1,58.7
33.9,75.0
94.5,83.2
3.1,56.1
13.3,73.9
58.9,55.9
70.1,84.8
25.1,63.4
55.4,11.7
31.8,65.4
55.4,30.9
65.9,38.3
97.3,83.5
45.6,38.7
64.8,32.8
57.8,37.3
31.8,81.4
25.3,97.1
98.8,26.0
20.7,78.7
79.0,62.6
14.7,6.4
80.4,53.3
18.6,53.7
96.7,85.9
68.6,9.7
9.0,0.5
69.3,5.0
60.4,18.9
33.8,59.1
26.1,82.9
71.9,62.6
74.1,97.9
32.7,24.9
87.6,23.8
26.9,10.7
7.0,84.6
60.0,33.5
10.7,68.8
27.7,18.3
50.7,81.4
28.6,56.0
21.5,99.7
70.3,61.5
54.7,98.2
84.0,45.4
58.1,71.6
48.3,24.6
26.1,63.5
79.2,61.0
19.7,1.7
24.2,19.6
84.2,4.6
74.1,16.2
61.3,29.5
3.9,52.5
12.7,63.2
50.0,46.1
74.6,91.5
46.4,37.2
1.7,17.7
18.4,73.5
58.9,75.4
69.4,2.2
3.3,64.6
4.3,71.2
26.1,15.5
8.4,4.7
54.2,92.6
12.4,1.0
64.8,53.4
77.7,63.7
97.1,6.4
94.8,28.0
27.3,18.1
2.9,30.1
32.9,19.4
70.8,6.0
6.0,59.5
36.0,42.9
29.8,73.9
21.9,31.5
70.6,86.7
65.9,34.8
53.5,48.7
91.1,67.2
10.3,29.1
15.0,47.5
38.3,50.4
65.6,11.7
58.4,92.8
7.4,3.7
95.8,3.3
30.5,57.4
35.9,65.7
62.4,59.8
94.5,70.6
66.3,20.4
95.5,36.3
18.8,64.2
61.9,58.0
82.9,37.2
50.9,99.5
36.2,17.9
98.5,55.2
14.1,88.9
41.1,1.0
87.3,44.1
90.0,41.0
98.0,45.3
88.5,98.7
5.1,58.6
93.0,24.1
42.8,30.5
65.2,50.0
39.4,80.4
81.4,8.1
57.6,54.6
84.6,73.9
19.4,4.9
18.5,21.6
44.0,30.6
0.5,75.2
69.3,70.5
29.6,55.0
55.7,49.8
7.0,20.0
17.1,59.7
62.3,11.6
30.6,34.8
21.5,32.5
22.9,10.4
21.5,32.7
62.3,85.5
16.8,43.5
36.3,12.3
68.8,44.7
51.4,61.2
59.7,14.1
25.1,95.7
93.3,69.9
41.4,15.1
28.7,9.7
90.4,12.7
65.5,27.4
61.4,71.2
88.7,88.5
5.9,64.9
83.8,93.1
67.8,27.2
36.0,5.8
25.6,71.3
10.5,22.5
94.1,20.8
14.2,82.9
25.9,57.3
69.1,76.7
71.0,84.0
16.1,92.3
81.4,61.1
51.0,43.9
84.8,1.7
8.7,39.9
4.3,53.2
63.7,30.6
15.0,26.2
52.5,1.7
1.4,88.6
78.0,74.7
90.0,75.7
83.9,96.6
95.8,41.7
90.3,11.6
44.4,79.1
39.8,11.4
89.6,3.7
92.7,7.2
97.3,6.6
76.8,22.4
20.2,74.0
94.5,99.2
94.7,60.5
66.6,57.3
85.7,37.6
56.1,58.2
94.4,38.4
9.4,43.8
86.4,18.0
5.6,75.9
33.9,57.3
13.5,82.8
47.9,77.2
23.2,5.9
95.2,4.9
55.9,69.4
89.8,61.9
27.8,33.8
2.6,12.0
77.6,87.2
70.2,4.0
54.5,1.6
81.5,35.1
84.0,57.5
58.8,83.1
96.6,67.8
72.0,10.4
67.7,52.5
36.1,28.7
0.2,23.9
24.1,51.3
76.4,70.3
71.0,80.4
33.1,24.2
62.6,5.6
19.5,72.7
26.4,57.9
94.7,31.0
41.3,47.0
24.5,94.5
48.7,20.2
38.7,2.5
73.0,13.0
96.2,30.8
59.2,17.0
59.1,75.5
36.5,23.1
56.5,98.1
31.9,95.1
0.1,88.7
86.6,83.8
42.9,25.1
49.2,73.6
8.4,53.5
83.7,28.8
17.0,38.9
41.1,46.5
84.0,75.5
45.8,44.1
93.1,4.4
20.9,18.9
71.5,75.0
97.8,20.6
55.0,45.0
69.2,30.9
39.3,78.2
75.1,50.8
90.9,65.3
70.3,84.7
93.6,2.3
58.9,47.0
57.7,10.0
30.5,18.8
71.0,71.1
88.2,73.6
64.6,52.9
23.3,72.5
54.4,10.5
75.6,98.3
93.9,6.0
15.7,67.8
12.7,6.3
41.3,82.5
12.6,5.8
98.0,4.2
42.4,99.9
53.4,48.0
22.7,31.6
44.9,53.8
98.5,56.6
48.9,80.2
0.9,13.8
24.3,93.3
97.8,47.4
98.9,99.8
21.0,77.4
61.5,96.1
7.7,27.0
57.7,71.0
12.6,89.5
81.9,77.1
94.0,23.2
17.3,94.3
46.3,89.5
10.2,45.7
33.9,95.9
6.5,95.2
26.5,56.5
99.0,56.1
4.5,37.9
85.9,97.4
7.7,34.6
52.9,31.8
45.2,14.6
93.2,92.1
19.9,1.2
18.0,14.7
74.9,96.2
72.6,17.0
69.9,96.6
2.6,88.4
26.0,93.2
84.0,56.1
60.1,4.5
60.2,11.8
29.6,79.8
26.0,71.8
94.7,4.0
72.8,60.3
12.7,23.2
93.8,45.1
58.2,49.5
33.3,45.1
39.7,92.3
72.5,72.4
37.6,29.5
57.9,70.9
71.0,27.5
19.5,79.5
94.4,65.2
35.6,91.7
41.9,33.3
69.9,53.5
60.9,69.1
44.0,5.3
65.0,14.8
90.3,59.3
80.0,1.1
82.4,83.9
25.8,92.6
41.9,11.1
55.4,21.9
4.4,15.0
77.0,44.3
32.3,66.2
28.3,65.7
25.9,93.1
28.3,98.9
33.8,60.9
60.5,66.1
58.4,88.3
25.6,7.2
20.6,22.6
82.6,78.6
9.3,85.8
51.3,31.3
52.1,43.2
57.4,73.8
88.6,76.5
62.4,21.0
97.4,85.3
87.1,58.4
21.5,44.7
24.1,64.0
34.5,24.8
39.2,6.4
55.3,30.0
23.3,27.0
22.2,18.6
38.1,30.8
67.2,20.4
68.8,48.5
97.6,1.4
20.2,78.5
39.3,87.2
96.5,79.6
69.0,70.4
59.2,61.4
54.0,34.4
7.6,7.2
89.3,97.5
62.6,63.8
57.2,92.2
54.0,28.2
39.2,50.7
25.5,69.4
75.5,30.5
51.0,91.8
3.4,45.5
39.9,50.1
92.9,21.7
37.4,99.2
41.3,55.1
62.4,98.9
80.2,17.4
66.8,71.6
85.0,38.2
11.4,82.9
92.5,86.1
90.4,32.2
51.9,35.7
62.5,78.7
21.3,55.2
44.8,23.8
20.3,93.5
2.2,39.8
98.1,99.8
25.9,87.3
59.3,5.9
30.0,36.4
37.1,35.1
39.8,47.5
33.5,13.8
63.7,31.7
96.1,9.6
42.9,58.2
97.3,64.9
66.8,24.1
60.7,69.3
23.7,17.3
6.3,83.1
85.2,41.9
57.4,97.3
41.4,33.2
81.2,94.2
31.1,35.3
78.4,58.5
32.8,59.0
92.1,51.4
26.8,49.0
13.8,35.9
69.8,65.1
16.3,46.9
94.9,0.4
65.6,0.0
23.1,16.4
20.9,61.1
92.4,69.3
60.8,22.1
89.4,30.6
11.0,57.0
92.5,21.6
52.0,63.2
66.8,17.0
37.3,50.2
5.9,53.2
95.8,18.5
99.5,20.2
36.5,9.3
94.4,9.8
16.8,91.3
15.5,36.9
7.3,91.0
39.1,14.6
5.2,81.5
39.5,12.7
13.8,50.6
73.1,0.7
83.3,61.1
68.8,20.3
20.0,42.3
76.7,52.3
25.0,8.2
75.9,29.4
56.7,38.3
36.7,18.5
8.3,59.3
82.8,1.1
94.0,70.7
66.6,78.9
96.5,57.4
93.4,43.8
19.5,88.0
73.1,86.6
34.9,59.6
48.8,1.4
15.7,84.4
97.5,23.4
72.6,78.5
26.7,41.8
37.1,22.9
42.2,50.8
74.8,93.4
92.6,10.8
32.1,37.1
47.3,56.0
59.3,57.5
39.3,99.8
50.4,45.6
10.6,90.5
16.8,11.3
40.1,26.4
91.5,95.9
34.9,39.1
25.0,36.6
74.3,14.1
94.9,35.5
45.9,9.0
0.9,40.4
68.8,34.2
41.5,62.9
67.4,1.1
27.8,53.4
0.2,72.4
34.4,28.3
70.5,72.9
39.3,28.5
21.9,48.5
46.4,16.7
75.2,17.4
11.9,47.4
69.2,82.6
66.7,19.4
37.1,46.2
97.0,29.2
89.5,45.3
31.6,78.6
3.1,58.0
30.8,74.8
20.5,1.1
54.7,26.9
91.9,98.5
87.0,73.9
30.6,24.2
42.9,22.7
3.7,24.3
54.4,98.3
6.3,44.6
93.9,8.2
86.7,56.7
21.4,43.1
69.9,86.4
56.8,79.0
80.1,36.5
47.6,89.6
19.2,90.1
64.0,12.2
8.0,9.9
58.5,91.2
21.3,3.5
68.5,24.6
82.8,70.8
11.0,75.4
40.0,7.0
73.4,47.6
16.4,68.2
56.7,16.2
67.2,63.1
35.5,84.7
83.2,45.1
51.1,59.4
62.7,54.1
14.1,20.9
2.3,10.4
5.1,79.9
90.4,53.4
88.3,14.4
80.8,54.8
20.0,70.4
52.5,3.2
79.6,52.5
67.5,77.7
11.6,85.9
89.6,64.1
16.1,26.4
17.2,4.4
90.1,45.6
48.5,80.1
37.3,2.9
55.4,31.1
98.1,70.7
12.0,3.6
75.7,16.0
33.4,85.4
11.7,28.1
42.2,80.5
54.9,82.6
20.6,36.5
40.5,73.6
63.6,96.6
57.6,40.0
72.3,6.3
83.6,25.4
40.9,16.4
42.3,10.6
49.7,19.8
56.6,12.2
10.8,5.7
31.3,51.4
17.2,35.4
38.6,25.1
97.3,56.8
58.3,87.5
42.9,59.0
56.6,19.5
66.9,60.3
43.5,34.3
44.8,3.0
70.1,66.3
6.1,80.6
54.0,78.4
54.7,82.3
75.7,16.7
98.3,97.9
79.6,87.0
50.4,33.7
16.9,4.3
58.8,69.1
83.4,44.0
93.2,32.9
82.5,32.5
18.9,98.6
71.3,70.9
88.0,59.3
68.1,91.8
68.6,16.3
50.0,31.6
63.7,15.0
29.4,82.9
8.9,29.1
82.8,91.0
94.3,79.6
85.7,67.4
33.4,79.5
9.4,19.0
28.0,3.2
84.3,40.7
65.6,70.2
96.7,21.7
34.3,36.3
55.1,88.2
79.0,16.7
23.4,6.3
96.4,56.3
59.2,11.4
0.8,97.9
2.5,4.6
88.2,89.0
64.5,11.9
76.3,96.2
78.4,19.5
42.0,20.1
79.9,4.6
93.8,20.5
17.2,72.6
76.4,67.1
30.8,21.0
32.1,7.7
41.3,63.1
86.4,12.4
2.2,1.2
43.4,90.2
68.0,57.4
11.0,18.6
79.2,95.5
94.2,97.9
9.1,83.2
15.3,61.0
97.4,85.6
19.8,82.7
7.9,64.5
95.2,52.2
89.3,87.7
65.6,70.0
55.1,63.1
91.9,46.5
65.6,26.5
65.8,11.8
84.4,79.6
65.3,92.3
50.4,24.8
39.0,38.6
50.3,33.2
52.2,24.5
36.1,81.4
44.8,24.4
80.2,10.8
41.7,62.9
2.6,1.5
28.3,4.5
23.2,5.0
79.4,75.9
44.9,53.4
28.0,51.3
81.1,48.9
1.9,82.4
17.4,19.3
82.7,81.8
55.1,98.8
77.4,75.0
83.8,42.0
94.2,22.0
6.3,63.3
79.9,3.7
70.9,20.0
20.7,83.7
93.2,55.3
40.4,88.4
88.8,3.9
60.5,0.4
52.7,35.4
16.0,29.0
91.4,84.7
55.7,39.7
0.6,19.2
1.8,87.9
77.8,3.7
16.2,96.6
59.9,15.6
68.1,74.1
27.9,68.9
56.9,71.1
24.0,67.7
94.6,52.8
86.0,0.7
28.8,45.0
52.9,38.9
50.1,93.4
96.0,87.6
39.4,2.5
56.2,2.4
92.9,9.8
16.3,47.6
55.0,32.7
10.6,39.9
61.7,29.1
36.6,50.7
96.8,38.4
41.5,25.6
13.6,67.5
83.4,99.1
82.1,29.4
69.5,82.5
74.9,80.5
26.5,23.0
64.2,26.7
3.8,93.4
19.7,3.8
93.2,95.3
73.9,80.5
23.1,25.1
11.1,39.7
94.9,32.4
11.2,27.9
25.7,88.8
18.3,89.5
0.7,38.1
31.4,99.6
97.4,10.8
34.2,19.7
50.4,90.1
74.6,95.9
55.1,76.3
74.4,2.2
66.2,86.9
60.9,60.0
65.0,98.2
79.9,77.1
71.0,43.9
79.2,69.0
14.6,41.3
67.8,46.0
73.7,98.4
30.0,69.2
87.5,73.5
30.5,34.5
24.4,14.4
86.7,67.7
24.7,66.7
41.6,61.3
36.8,26.8
89.8,48.3
45.5,31.9
69.4,44.3
79.4,48.0
62.8,62.5
94.4,90.9
80.3,81.0
40.0,30.0
95.1,2.2
52.5,6.7
2.3,2.0
26.0,22.8
62.2,1.0
15.7,32.8
58.4,62.0
36.2,22.0
53.4,55.9
0.2,3.4
84.8,82.9
36.2,64.5
14.0,75.7
43.8,46.9
48.6,87.6
63.7,66.2
52.5,18.4
4.4,17.3
87.2,39.2
45.7,56.4
7.7,36.0
77.3,92.1
66.0,66.6
64.9,20.6
42.7,68.1
41.0,36.6
53.6,98.0
5.1,12.7
29.9,23.8
98.8,68.1
66.2,37.6
41.9,52.1
22.2,97.0
74.5,89.7
26.0,55.3
16.2,45.2
15.5,1.6
72.9,96.2
64.3,45.6
7.0,17.9
11.5,18.4
63.4,56.2
57.1,17.1
68.6,13.1
17.8,33.0
72.7,83.1
93.6,19.3
60.1,78.4
19.6,18.0
68.0,87.1
34.3,68.7
4.9,11.1
30.2,12.9
90.6,86.7
41.1,80.8
86.5,97.3
50.9,1.4
51.7,44.0
0.5,53.1
63.7,22.9
10.8,65.3
47.9,94.0
26.0,52.3
39.2,77.1
53.7,9.6
1.4,41.5
28.5,71.5
99.0,64.7
5.7,85.2
31.9,43.9
32.1,34.4
37.9,31.8
68.5,9.7
24.8,38.4
46.0,67.1
64.5,20.8
32.2,36.1
94.9,96.2
98.0,37.6
12.0,7.4
34.4,33.6
20.8,53.0
18.7,70.1
49.1,79.2
56.4,42.0
42.6,96.0
27.3,14.5
27.9,91.2
99.2,33.2
92.4,11.7
7.6,9.1
65.7,60.8
45.7,21.5
68.9,38.3
59.7,34.5
88.9,36.0
6.7,80.0
35.0,87.1
98.5,47.9
18.2,92.6
12.7,9.9
72.9,95.8
77.7,96.1
67.2,75.7
77.6,26.1
69.4,84.4
13.6,96.2
60.8,68.6
77.7,19.8
86.6,10.3
24.6,58.1
12.7,72.0
78.1,91.2
25.7,3.0
3.2,95.9
82.5,94.1
50.6,39.2
32.7,23.6
1.1,7.9
3.5,11.9
79.3,57.5
49.0,4.2
15.0,97.7
35.9,42.5
16.5,38.2
11.3,49.4
27.6,19.8
55.0,31.9
21.0,39.4
34.4,26.4
47.8,19.2
42.0,1.8
12.9,33.0
3.9,68.7
3.5,38.2
35.0,19.4
71.9,91.5
13.1,85.3
78.7,41.7
71.6,30.2
0.4,68.3
2.7,99.3
19.5,64.5
5.6,51.7
53.1,88.1
4.0,5.3
80.3,94.3
49.3,33.4
72.8,83.2
75.1,82.4
50.7,84.2
92.5,89.9
99.0,25.0
35.9,7.6
12.6,37.9
36.3,39.4
22.3,14.8
53.1,98.7
37.8,6.8
48.0,96.8
76.3,20.1
27.4,39.8
53.7,34.2
33.5,83.4
78.5,92.1
64.0,20.8
0.9,68.7
66.0,71.2
17.0,6.6
72.4,26.3
56.7,32.6
40.1,37.0
69.4,83.0
85.7,74.9
77.9,31.7
54.5,25.0
72.3,11.1
41.4,43.8
78.9,49.7
82.9,28.0
13.7,6.7
23.8,59.4
27.0,15.7
16.6,49.7
39.3,10.6
19.3,27.6
59.6,66.3
10.2,22.3
27.0,70.5
66.6,22.3
39.9,31.2
42.1,33.9
79.8,56.5
98.5,33.7
56.5,75.2
7.9,22.1
10.3,40.7
96.9,60.5
67.9,14.0
75.2,25.6
67.6,26.6
18.0,33.4
44.8,23.4
79.8,35.5
86.6,93.5
23.7,35.3
59.6,81.1
15.7,49.4
95.8,64.5
25.2,25.1
72.7,0.9
23.1,89.5
61.6,27.9
65.9,70.7
32.8,64.0
81.9,8.4
88.5,2.5
85.5,38.7
33.1,27.5
74.4,30.1
55.9,90.6
59.3,36.7
47.7,47.0
60.0,58.4
13.6,56.8
40.9,73.8
17.8,89.6
28.0,52.5
12.8,78.2
21.2,76.8
78.2,56.0
55.0,46.4
2.4,18.8
78.9,35.6
90.9,9.0
88.0,74.5
82.3,70.4
99.2,0.6
58.6,6.0
96.3,22.9
94.9,27.9
31.3,42.6
86.3,45.8
79.2,17.6
77.6,74.9
89.6,21.9
38.4,0.7
40.0,23.5
64.0,90.6
73.8,29.8
88.0,30.3
87.6,19.6
72.1,77.1
95.7,30.7
17.9,26.8
95.0,36.0
6.4,74.8
55.6,74.6
9.0,32.4
56.8,79.9
39.0,53.8
8.2,83.2
64.8,20.7
73.1,37.6
17.4,74.4
69.4,72.0
17.9,62.9
13.7,72.5
14.7,40.7
59.9,52.5
77.9,1.8
59.7,71.8
80.9,63.4
59.1,50.0
79.7,45.0
97.7,0.2
39.1,57.3
15.0,0.7
13.5,34.7
59.7,91.8
54.7,48.5
18.4,79.1
88.2,68.1
95.7,14.2
25.3,5.9
20.7,50.7
21.4,7.7
38.7,63.2
85.3,37.9
59.6,2.8
6.8,23.5
47.3,41.4
9.0,1.3
40.6,44.5
40.4,63.2
64.8,9.6
54.9,45.6
87.5,6.2
1.6,78.5
77.4,44.7
2.3,83.8
30.4,64.3
88.0,16.3
69.0,68.5
17.2,95.1
49.1,18.7
72.2,57.4
93.7,83.8
63.4,77.2
2.5,10.7
50.0,6.9
15.3,43.0
4.8,20.7
59.9,0.4
77.7,31.9
3.6,40.9
78.4,42.1
70.6,60.3
75.2,42.9
24.5,40.1
39.4,94.5
12.0,28.6
23.9,78.5
30.3,13.0
31.9,13.4
17.5,75.2
18.9,89.4
90.1,33.2
78.4,40.7
34.4,45.0
94.8,78.5
23.9,14.8
40.7,52.6
81.4,70.0
44.3,63.9
23.5,85.3
36.9,26.3
50.1,84.4
62.1,5.2
40.6,71.7
43.1,83.2
26.4,17.1
53.5,99.8
21.9,50.3
86.8,80.4
74.7,80.3
41.0,17.2
74.7,69.3
0.7,20.1
34.4,11.3
44.0,25.4
47.0,43.2
74.9,12.8
96.3,56.7
38.0,51.3
35.1,78.5
61.1,47.3
28.1,87.8
14.1,95.5
96.2,72.4
81.0,4.5
95.8,84.6
21.8,55.1
1.8,35.4
43.7,66.3
93.4,63.4
13.8,76.0
11.7,36.9
6.9,13.4
76.5,94.8
78.6,16.0
69.5,99.8
5.3,39.3
72.3,31.1
44.9,39.6
15.8,77.6
29.5,56.0
50.1,60.6
33.0,40.5
97.0,19.1
47.5,7.5
37.2,14.8
67.3,97.9
65.1,44.8
0.2,62.2
61.8,18.1
24.4,59.6
37.5,43.7
70.6,33.0
55.7,44.1
36.9,20.2
16.7,61.4
50.5,49.7
31.9,81.7
91.3,58.5
53.4,24.4
86.6,65.4
39.0,6.6
82.7,62.9
5.7,35.0
29.8,73.1
7.8,56.9
3.2,98.6
91.9,77.3
71.7,39.5
62.5,82.0
53.2,33.7
57.0,79.4
63.9,56.0
82.7,0.5
59.7,80.1
74.9,32.7
28.1,75.2
97.7,11.5
3.2,78.0
38.7,84.8
88.2,86.6
18.1,3.4
14.1,27.0
36.5,96.8
42.8,97.1
93.3,13.2
83.6,86.2
46.4,2.6
97.3,76.5
64.2,26.0
87.4,75.5
24.6,82.4
48.9,75.9
3.0,44.0
0.9,36.2
70.5,33.8
11.8,49.5
54.8,66.9
69.6,96.1
3.2,70.6
44.9,86.7
68.4,50.7
89.0,88.8
29.9,11.0
97.4,12.8
84.5,81.6
65.1,13.0
39.2,2.0
71.1,96.2
81.6,89.0
30.3,51.4
99.3,17.2
90.9,2.3
48.6,85.1
72.3,2.5
52.4,44.4
76.1,97.1
82.7,42.7
2.3,6.4
7.9,72.6
33.6,6.2
91.8,47.7
39.8,85.0
88.8,10.3
46.2,17.8
28.9,38.8
90.1,71.2
56.1,25.5
36.0,25.8
4.4,46.4
11.1,91.9
13.9,60.0
36.5,97.9
60.7,54.5
30.8,34.6
6.6,13.6
26.5,59.9
40.9,53.8
99.2,78.1
39.3,90.9
8.9,24.5
58.1,70.7
92.0,77.5
78.7,96.2
83.6,47.8
92.8,71.0
63.7,99.7
99.5,67.4
3.3,16.6
83.5,53.4
85.7,22.9
91.7,95.5
47.8,61.3
78.8,74.1
19.5,19.9
60.3,98.1
35.9,20.6
59.6,40.6
67.6,52.6
34.7,4.9
21.6,9.8
32.2,90.7
66.4,81.1
67.7,7.9
74.1,62.1
12.7,80.5
81.9,60.1
68.8,6.5
3.1,76.3
33.6,23.6
46.7,50.3
36.1,92.8
11.7,20.2
20.7,5.0
2.5,33.9
9.3,21.6
26.6,60.4
82.0,84.3
52.7,84.9
42.4,44.3
66.2,5.1
54.2,12.4
13.2,37.7
22.3,48.5
22.3,10.8
60.0,16.5
46.2,61.0
38.8,7.4
55.7,67.3
97.0,96.9
31.4,64.8
52.0,73.5
48.0,13.7
71.7,34.3
73.0,13.8
72.9,13.0
20.2,45.5
44.9,98.1
81.1,93.1
38.2,5.7
98.4,39.6
36.5,46.1
49.8,97.8
47.5,85.1
43.4,51.9
84.6,40.4
15.5,52.7
56.8,52.7
61.9,93.3
85.1,83.1
60.9,43.5
96.0,77.3
87.2,67.1
34.9,4.1
86.0,42.4
95.8,26.7
25.7,51.0
61.0,51.8
28.2,37.2
65.0,36.9
9.4,38.5
73.4,42.3
42.0,18.6
58.7,15.2
2.6,18.4
69.5,55.5
49.6,77.5
62.5,5.4
31.6,98.0
14.6,91.6
43.5,58.0
94.4,25.4
22.8,67.0
67.6,99.8
5.0,91.3
71.8,44.2
23.8,42.2
45.2,41.1
36.8,38.4
11.3,40.2
34.6,58.8
35.0,60.4
52.2,37.0
97.2,49.1
47.0,30.2
91.4,26.7
46.2,53.6
10.8,88.4
23.0,41.2
40.8,77.0
32.5,7.6
86.6,20.0
67.9,99.4
57.8,4.1
49.1,79.9
39.7,74.7
61.2,64.7
12.5,94.8
16.3,14.4
30.3,64.6
17.1,82.8
67.7,94.2
2.5,30.2
16.0,28.3
90.3,66.2
99.8,58.9
48.8,59.7
49.5,5.9
77.3,31.3
3.6,16.3
42.7,49.6
10.0,2.3
40.1,44.6
98.4,68.9
75.4,17.4
98.5,69.4
74.6,95.5
60.8,76.5
75.4,15.1
65.9,34.0
46.4,43.1
29.3,30.3
52.0,10.8
25.8,86.4
48.7,95.8
14.6,50.8
56.5,70.3
24.5,46.8
29.4,6.0
49.9,61.6
16.3,38.4
96.2,97.1
44.7,84.7
35.2,51.9
2.9,75.8
84.3,35.5
62.6,22.9
41.6,22.0
24.6,78.9
74.5,55.9
94.5,6.6
38.1,54.1
13.5,58.5
10.9,52.5
0.6,43.3
74.4,82.3
98.1,1.3
99.3,53.6
78.4,2.5
16.2,6.9
97.8,39.5
32.8,75.8
33.4,45.5
68.7,95.8
4.9,85.8
82.6,65.8
99.7,36.8
77.5,39.2
78.2,95.4
39.0,79.6
6.6,68.6
79.3,62.5
59.7,2.0
90.9,27.2
11.6,16.8
30.5,22.4
36.1,14.9
68.3,63.3
78.8,76.1
96.1,13.4
29.5,82.5
49.4,77.8
2.9,48.9
25.3,6.3
37.4,44.3
59.4,48.0
47.1,39.4
36.4,65.3
62.4,36.0
82.9,62.4
24.2,71.6
34.3,87.3
70.5,10.3
77.8,93.9
82.5,39.0
20.9,76.2
53.9,33.6
90.0,56.2
39.2,69.9
43.0,38.3
98.5,26.5
11.3,68.0
70.6,40.5
85.0,35.3
15.1,28.3
71.4,40.8
47.0,75.0
85.3,59.3
90.7,34.0
87.2,50.1
6.4,12.5
75.7,47.7
92.2,72.1
62.1,24.8
60.1,57.1
4.5,5.1
85.6,9.3
4.6,83.2
31.4,68.8
92.6,59.0
95.0,83.1
99.2,39.3
47.6,62.5
17.7,76.7
48.8,33.7
10.2,3.6
87.3,83.6
56.1,57.0
40.5,53.8
8.0,92.7
40.5,23.1
86.6,92.3
70.3,97.5
8.2,48.0
16.0,65.8
39.2,91.1
10.1,48.3
93.4,51.5
65.2,55.0
9.5,43.8
78.8,91.1
36.8,45.6
24.5,97.3
57.0,12.3
1.3,45.4
46.5,75.1
84.4,56.2
92.8,16.5
34.3,6.3
64.2,73.2
22.7,95.3
56.0,54.9
25.4,61.2
57.1,71.8
17.2,98.9
94.1,35.4
88.7,42.9
33.7,10.5
77.7,59.7
9.6,19.3
74.0,6.4
28.2,6.0
13.6,62.1
67.8,10.4
47.0,57.5
53.0,77.5
52.1,59.3
5.9,84.0
5.1,13.1
60.1,0.3
62.4,8.6
4.7,39.5
37.8,78.1
61.3,2.2
65.7,43.9
82.8,18.1
42.1,24.6
54.8,21.3
57.9,56.0
31.2,95.3
5.4,54.6
0.4,17.2
83.6,66.4
20.0,27.8
63.0,7.1
57.7,58.7
40.0,4.0
83.3,28.8
69.8,9.9
2.3,5.0
77.7,37.4
50.7,4.8
34.7,57.1
72.7,38.5
68.6,64.0
31.1,99.0
98.3,39.2
64.9,88.5
60.6,98.8
7.0,18.0
27.9,74.6
44.7,25.9
63.1,65.9
51.3,37.4
76.3,25.0
26.3,41.8
70.2,67.2
81.7,63.2
76.5,51.5
77.1,68.6
88.9,22.2
8.4,98.8
69.7,37.7
96.9,38.7
57.4,28.6
21.7,12.1
99.9,43.2
17.5,81.4
33.6,35.5
17.2,27.6
46.5,24.0
41.9,83.3
49.1,49.9
92.8,69.0
47.8,41.5
51.5,93.1
88.7,11.6
81.8,8.2
24.0,35.2
1.3,89.0
62.9,51.8
84.5,99.7
55.3,72.6
21.1,53.5
74.1,39.0
67.0,28.5
56.5,78.7
86.3,53.7
78.4,91.8
66.8,72.5
66.5,33.2
66.2,68.5
52.5,27.5
46.4,58.7
71.0,89.8
61.0,92.3
49.0,49.5
12.7,19.2
70.2,0.6
64.6,58.8
34.2,65.2
35.6,64.3
24.7,85.4
96.2,64.8
86.0,3.2
56.1,4.0
40.2,83.3
73.7,32.1
52.8,96.1
97.6,83.2
5.5,98.4
3.4,37.4
56.9,6.4
20.3,91.8
60.4,59.2
78.1,88.3
13.8,31.5
44.1,0.2
68.9,35.2
83.4,50.3
49.6,83.9
20.6,98.9
58.6,26.4
45.5,51.8
77.2,1.6
55.6,15.5
27.9,15.2
75.4,7.5
51.8,91.2
17.8,18.2
56.3,51.1
94.8,74.8
70.6,62.3
29.9,44.4
71.1,46.6
28.3,69.7
54.3,23.2
52.7,26.8
24.7,29.8
34.8,36.1
94.2,87.8
25.1,4.2
80.1,87.1
66.7,74.8
53.3,89.6
13.8,66.4
20.5,89.5
17.9,47.9
58.7,94.4
97.3,51.7
87.7,82.3
2.5,1.4
27.4,67.7
15.7,43.6
97.6,57.7
23.6,44.0
20.1,97.8
62.1,55.9
55.6,58.8
22.6,26.8
67.0,26.6
9.7,41.9
1.9,16.0
8.2,94.5
36.5,86.1
97.5,97.1
54.7,16.7
75.5,16.0
32.1,38.6
71.9,81.9
96.6,25.5
35.8,12.1
99.9,32.8
63.8,71.8
74.9,25.9
25.2,47.9
64.3,96.3
51.1,95.7
95.6,96.5
90.5,74.0
39.7,4.4
94.7,88.3
88.5,64.8
59.0,61.5
8.2,86.4
16.1,35.0
7.7,46.3
10.8,22.8
97.7,61.6
21.2,90.8
69.1,26.9
63.7,80.9
63.1,80.9
20.7,65.8
57.9,75.7
62.6,11.9
57.0,49.6
18.6,78.5
72.3,86.7
7.3,88.7
59.1,13.9
43.6,70.2
25.0,53.0
80.7,83.5
17.6,81.4
93.3,96.2
88.5,74.4
36.1,51.2
30.5,64.5
13.7,32.7
91.6,95.5
62.8,37.2
3.2,72.2
51.1,53.5
8.6,48.5
57.4,51.0
50.9,97.9
8.3,98.4
81.6,41.4
26.2,68.8
54.1,4.9
63.9,62.7
96.2,72.1
49.4,78.1
91.7,99.1
35.5,45.1
85.7,92.0
23.6,8.9
70.7,94.1
8.9,39.1
98.6,77.3
95.4,81.1
44.2,42.6
52.4,55.1
59.8,42.6
27.5,18.2
67.4,5.2
69.9,40.4
52.5,46.1
14.8,62.8
91.9,41.7
11.5,10.8
62.9,28.0
10.3,40.7
14.6,40.1
2.1,41.9
36.3,46.3
64.0,82.6
52.2,96.0
67.5,62.3
67.5,24.6
14.0,6.9
5.7,86.3
62.5,96.0
65.3,71.9
55.7,38.0
24.6,91.0
81.1,78.0
7.6,18.1
63.2,49.6
12.0,40.2
65.4,29.8
41.8,82.3
71.8,90.6
5.2,22.8
55.5,7.8
14.5,76.3
68.2,86.3
12.0,69.7
7.4,31.2
71.3,20.0
6.4,26.9
22.5,18.4
82.5,10.9
81.0,56.7
85.4,99.1
32.6,87.7
52.8,16.5
77.3,87.5
13.7,7.0
72.4,53.5
9.7,9.4
91.3,19.4
63.7,45.5
49.3,30.4
48.5,25.4
18.1,92.1
34.6,43.1
72.7,10.0
54.1,87.9
52.9,95.0
19.5,74.6
69.0,69.6
39.2,48.0
18.3,13.1
94.4,41.8
50.7,14.3
52.8,29.1
98.1,80.7
36.6,48.5
94.3,75.6
69.5,28.3
63.3,6.8
23.4,8.4
5.2,77.9
43.8,71.1
1.0,57.8
7.1,0.3
59.5,71.9
72.4,53.0
16.8,72.7
73.3,5.4
95.0,77.8
74.3,56.6
78.5,54.1
70.1,94.5
22.5,38.8
36.1,47.4
94.9,89.6
66.1,9.0
78.9,2.9
96.9,85.6
23.1,49.1
32.2,22.5
64.5,39.6
2.4,45.7
57.1,59.2
80.9,97.7
61.0,6.5
29.5,24.4
72.4,58.8
14.6,52.6
89.5,94.5
10.1,78.9
86.3,55.1
49.8,74.0
42.9,65.8
50.1,59.2
20.0,33.4
45.8,48.9
85.0,14.2
80.1,35.9
16.3,2.4
67.3,17.3
85.7,34.2
82.0,92.2
42.6,37.7
4.8,57.0
93.1,12.3
39.6,19.3
36.1,11.3
76.0,48.3
26.4,34.2
83.5,4.9
7.6,81.5
74.1,27.7
96.6,17.6
99.6,87.6
92.4,15.3
87.1,32.4
27.9,83.8
96.7,19.6
92.8,81.0
53.4,54.2
40.2,49.3
10.9,57.9
59.1,7.4
70.1,65.5
40.4,27.2
40.6,61.8
57.3,49.0
2.8,15.6
95.8,4.7
29.0,63.8
14.1,47.9
0.5,84.0
85.7,97.0
86.3,91.4
9.5,32.3
15.2,87.0
44.8,41.2
18.6,7.5
73.6,40.2
5.8,49.5
55.0,64.8
38.3,37.7
46.5,37.2
42.5,16.7
15.3,58.1
22.0,37.0
6.5,54.9
11.5,30.1
97.8,5.3
28.0,65.0
30.7,52.6
12.7,43.1
75.5,49.5
92.4,83.2
79.0,60.7
61.3,76.2
81.3,82.8
40.4,63.3
85.9,54.1
79.9,30.3
0.2,38.5
48.8,83.1
26.5,7.0
8.6,97.5
84.6,21.3
0.8,98.1
73.0,40.4
98.8,15.3
48.2,90.1
37.1,43.6
60.6,67.2
80.5,15.7
24.0,49.1
25.1,89.2
60.7,28.8
94.0,17.4
29.8,98.9
37.7,13.5
99.3,97.5
17.6,98.0
7.7,62.7
59.0,69.2
2.4,38.7
18.0,86.2
62.2,97.9
66.0,53.6
51.0,94.2
38.4,78.6
57.6,98.6
64.3,36.8
80.3,35.8
79.3,93.9
66.5,44.2
89.4,21.1
83.8,90.0
13.3,75.2
95.7,48.3
89.2,83.4
32.1,37.6
2.0,40.8
60.4,83.4
43.8,8.1
75.0,79.2
52.5,82.3
7.6,59.4
24.5,27.2
88.3,12.8
3.8,77.9
73.7,85.1
29.2,36.9
45.3,9.3
53.1,54.4
25.0,63.8
65.2,95.6
69.3,59.7
8.5,1.1
37.4,87.1
74.4,57.3
72.2,49.8
54.5,70.3
77.8,61.2
10.8,0.4
11.8,24.9
65.7,31.2
69.3,38.1
81.5,81.1
18.1,55.0
51.7,71.1
66.1,56.6
22.4,0.8
51.7,25.0
63.8,56.5
21.4,76.6
37.6,15.8
21.6,89.5
90.3,23.0
23.7,97.9
12.1,0.7
3.5,21.7
4.5,63.0
19.2,60.4
60.8,4.0
1.8,72.4
28.7,0.2
5.8,37.2
40.4,95.4
4.9,20.2
60.8,89.4
68.8,96.4
73.1,9.0
22.4,2.4
86.9,29.2
69.0,21.6
5.7,32.8
44.1,40.6
76.8,44.7
31.1,16.5
38.2,70.7
63.0,8.5
5.5,61.9
96.7,26.8
17.4,66.3
2.7,20.1
0.5,79.3
40.0,57.2
88.4,8.6
82.0,99.6
91.2,42.7
53.4,88.4
44.9,54.9
38.6,18.9
4.6,37.1
91.0,55.2
49.6,14.2
45.5,27.4
51.5,79.9
79.4,79.7
22.4,77.8
71.0,6.3
71.1,0.1
85.0,38.2
0.9,31.8
17.0,8.7
47.1,80.7
85.1,30.0
96.5,98.3
59.5,95.0
21.2,93.3
18.5,52.9
63.9,55.7
21.0,75.5
55.3,27.7
83.5,72.7
39.0,93.1
37.8,96.4
3.6,52.9
25.4,96.3
69.8,7.5
36.0,12.5
15.8,93.3
10.6,93.1
9.5,22.7
65.9,65.2
61.3,32.6
51.9,96.3
50.0,88.5
15.3,59.7
50.1,53.4
6.0,77.8
92.6,19.1
5.8,27.2
42.4,61.6
0.1,27.3
78.6,40.9
16.6,95.7
92.5,65.3
4.4,84.2
82.1,10.4
65.7,66.5
25.0,95.6
20.2,12.2
35.8,20.8
82.8,12.3
86.2,8.3
17.5,78.8
35.3,38.0
23.7,89.4
12.3,70.9
64.6,13.7
34.6,91.9
22.5,86.7
86.6,67.5
74.8,95.5
77.4,92.3
3.9,69.7
91.5,10.9
57.5,50.8
50.4,7.0
1.1,85.2
89.8,6.6
54.4,80.5
82.5,85.7
65.6,92.5
79.7,64.5
69.3,85.6
92.1,7.0
22.5,86.8
20.2,38.6
71.3,41.7
50.1,69.3
59.9,49.5
70.9,35.6
54.7,76.0
78.8,24.6
31.9,37.8
85.9,98.6
10.8,24.0
63.4,4.2
89.0,29.7
25.3,6.4
32.7,96.3
30.5,0.8
56.4,47.5
41.3,12.5
10.8,47.2
89.1,9.2
20.5,50.9
53.4,40.5
59.5,79.0
4.1,17.0
9.6,40.3
97.2,34.1
66.5,69.5
3.4,84.1
79.4,90.8
50.9,70.1
7.5,62.8
68.1,80.4
49.9,11.5
20.5,76.0
87.8,55.1
29.1,88.6
28.5,45.5
27.3,38.3
76.7,42.5
70.6,6.8
90.3,80.5
22.9,26.0
78.6,39.0
57.3,73.1
30.9,39.5
3.5,50.3
81.9,59.4
24.1,99.8
63.2,75.9
54.9,54.3
0.4,31.4
99.4,99.7
81.4,16.9
48.6,52.9
68.0,79.0
47.7,5.2
74.5,40.3
13.4,10.2
44.6,57.2
33.6,3.0
46.0,26.7
45.0,38.8
14.3,41.9
97.6,27.9
1.5,48.4
1.0,37.4
37.3,50.4
62.0,19.1
18.0,33.4
53.3,10.4
72.3,44.6
9.4,54.9
98.4,11.2
33.7,69.4
64.2,0.9
11.1,7.0
70.9,75.7
84.0,7.2
10.5,7.0
12.6,38.3
28.1,77.1
1.2,77.9
98.6,3.6
59.8,88.6
60.8,20.7
95.9,38.6
83.2,56.3
81.4,47.3
34.0,38.1
33.5,60.6
29.2,16.4
34.7,45.6
37.0,59.8
14.0,16.2
35.6,45.6
44.7,56.9
30.9,76.9
16.5,43.4
37.3,82.4
48.1,98.9
