N,u,V,C,P,R,a_tilde,Q,inflation,z,Θ
0.94,0.15400000000000003,0.13200000000000003,0.8247076212,1.0,1.0212335692618808,1.0,0.846,0.0,1.0,1.01
0.31549946056880573,0.998719131251091,0.283660505784585,0.01,1.0245718210637096,1.0212335692618808,1.545103792271135,0.0020548382568290583,0.024571821063709587,1.01,1.01
0.31475968154085154,0.9995700921283615,0.2836666979871103,0.01,1.0456291528907125,1.0212335692618808,1.545103792271135,0.0006904591119710169,0.02055232380404637,1.011139156704937,1.01
0.314758800296037,0.9995711001707424,0.2836666979871103,0.01,1.0629065365702506,1.0212335692618808,1.545103792271135,0.0006881498678911661,0.016523433410185362,1.0101259266758253,1.01
0.31475879924627426,0.9995711013715497,0.2836666979871103,0.01,1.0764971240241725,1.0212335692618808,1.545103792271135,0.000689259111109601,0.012786248824638413,1.0117570025177662,1.01
0.31483106037388,0.999461319251661,0.2836310332952946,0.01,1.0896997691613761,1.0212335692618808,1.5288254540744752,0.0008694812324305321,0.012264449985569303,1.0161951509180245,1.01
0.31475888532443946,0.9995710029080651,0.2836666979871103,0.01,1.096434675588855,1.0212335692618808,1.545103792271135,0.0006913632271485697,0.006180515604460535,1.0146126872355363,1.01
0.31475879934756235,0.9995711012556877,0.2836666979871103,0.01,1.1012160377106444,1.0212335692618808,1.545103792271135,0.0006901806184988024,0.004360827168496284,1.0131094009158272,1.01
0.31483106037403147,0.9994613192514877,0.2836310332952946,0.01,1.108039829536857,1.0212335692618808,1.5288254540744752,0.0008707391563167916,0.0061965968461545895,1.0176653331612102,1.01
0.31483116848657805,0.9994611955833841,0.2836310332952946,0.01,1.1128850394845047,1.0212335692618808,1.5288254540744752,0.000872350534668273,0.004372775976539511,1.0193146011093543,1.01
0.3148311686483295,0.9994611953983593,0.2836310332952946,0.01,1.1162662589740764,1.0212335692618808,1.5288254540744752,0.0008701984482608395,0.003038246871516881,1.0167996055803012,1.01
0.31483116864857147,0.9994611953980825,0.2836310332952946,0.01,1.1185964096530352,1.0212335692618808,1.5288254540744752,0.0008710118790603473,0.0020874506061845377,1.01775007344512,1.01
0.31475888545341923,0.9995710027605271,0.2836666979871103,0.01,1.1162638496655402,1.0212335692618808,1.545103792271135,0.0006918544891174509,-0.0020852561007401738,1.0153332913865827,1.01
0.31475879934771606,0.999571101255512,0.2836666979871103,0.01,1.1147304951342267,1.0212335692618808,1.545103792271135,0.0006901263352373522,-0.001373648830223173,1.0130297186304718,1.01
0.3147587992451446,0.9995711013728419,0.2836666979871103,0.01,1.1137159741823743,1.0212335692618808,1.545103792271135,0.0006902262830360369,-0.0009101042415908811,1.013176708195116,1.01
0.3147587992450224,0.9995711013729817,0.2836666979871103,0.01,1.1130418877311723,1.0212335692618808,1.545103792271135,0.0006854761604444551,-0.0006052588512945878,1.0062040479779895,1.01
0.31470013358168913,0.9996602236791006,0.2836956460215635,0.01,1.1085485899931626,1.0212335692618808,1.5615836697332064,0.0005644938780797473,-0.004036952955264628,1.000201616731797,1.01
0.3147000782190818,0.9996602870076026,0.2836956460215635,0.01,1.1056463520900552,1.0212335692618808,1.5615836697332064,0.0005633359380631753,-0.0026180520450846956,0.998335987048712,1.01
0.31470007816683626,0.9996602870673654,0.2836956460215635,0.01,1.1037476897476644,1.0212335692618808,1.5615836697332064,0.0005614967872334565,-0.0017172419904445402,0.9950768449991728,1.01
0.3147000781667869,0.9996602870674218,0.2836956460215635,0.01,1.1024953893522416,1.0212335692618808,1.5615836697332064,0.0005622208498621715,-0.0011345893695225984,0.9963600189467785,1.01
0.31465292038322845,0.9997319282334346,0.2837189170933069,0.01,1.0976330865051713,1.0212335692618808,1.578187418673149,0.0004424023533331066,-0.004410270459205279,0.9935455385502197,1.01
0.3146528852656514,0.999731968403969,0.2837189170933069,0.01,1.0945029871175362,1.0212335692618808,1.578187418673149,0.0004404047937276812,-0.002851680972556392,0.9892076594083021,1.01
0.31465288523949997,0.9997319684338833,0.2837189170933069,0.01,1.0924595734105034,1.0212335692618808,1.578187418673149,0.00044279830622455667,-0.001866978647919737,0.9945839173753283,1.01
0.3146528852394805,0.9997319684339057,0.2837189170933069,0.01,1.0911136315346994,1.0212335692618808,1.578187418673149,0.00044258716212535793,-0.0012320290000316092,0.9941096597149562,1.01
0.31465288523948043,0.9997319684339057,0.2837189170933069,0.01,1.0902219594682985,1.0212335692618808,1.578187418673149,0.00044281749580297807,-0.0008172128370780296,0.9946270198046786,1.01
0.31465288523948043,0.9997319684339057,0.2837189170933069,0.01,1.08962899548361,1.0212335692618808,1.578187418673149,0.0004408438727480481,-0.0005438929013846794,0.9901939997999403,1.01
0.31465288523948043,0.9997319684339057,0.2837189170933069,0.01,1.0892336860526701,1.0212335692618808,1.578187418673149,0.00044026235645218116,-0.00036279268684880073,0.9888878368190102,1.01
0.31465288523948043,0.9997319684339057,0.2837189170933069,0.01,1.0889697088498778,1.0212335692618808,1.578187418673149,0.00044067268508265513,-0.00024235130273009275,0.9898094895241022,1.01
0.31465288523948043,0.9997319684339057,0.2837189170933069,0.01,1.0887932370920046,1.0212335692618808,1.578187418673149,0.0004392085005556737,-0.00016205387205814326,0.9865207362424034,1.01
0.31465288523948043,0.9997319684339057,0.2837189170933069,0.01,1.0886751767854395,1.0212335692618808,1.578187418673149,0.00044006052783618257,-0.00010843225558643255,0.988434502890824,1.01
0.31465288523948043,0.9997319684339057,0.2837189170933069,0.01,1.0885961550944778,1.0212335692618808,1.578187418673149,0.0004394355279899444,-7.2585186699059e-05,0.9870306700695507,1.01
0.31465288523948043,0.9997319684339057,0.2837189170933069,0.01,1.0885432458396946,1.0212335692618808,1.578187418673149,0.0004392956774697494,-4.8603198289476346e-05,0.9867165471917554,1.01
0.31465288523948043,0.9997319684339057,0.2837189170933069,0.01,1.088507812458323,1.0212335692618808,1.578187418673149,0.00043870735115926577,-3.2551193080432306e-05,0.9853950880118106,1.01
0.31465288523948043,0.9997319684339057,0.2837189170933069,0.01,1.0884840791889865,1.0212335692618808,1.578187418673149,0.00044175381519559297,-2.1803490121818925e-05,0.9922378516200996,1.01
0.31465288523948043,0.9997319684339057,0.2837189170933069,0.01,1.08846818108247,1.0212335692618808,1.578187418673149,0.0004419067743334393,-1.4605731788464027e-05,0.9925814181974594,1.01
0.31465288523948043,0.9997319684339057,0.2837189170933069,0.01,1.088457530779912,1.0212335692618808,1.578187418673149,0.00044051793543436655,-9.784670551682417e-06,0.989461901222032,1.01
0.31465288523948043,0.9997319684339057,0.2837189170933069,0.01,1.0884503957184513,1.0212335692618808,1.578187418673149,0.0004419609947067649,-6.555204276725846e-06,0.9927032043708709,1.01
0.31465288523948043,0.9997319684339057,0.2837189170933069,0.01,1.0884456155150892,1.0212335692618808,1.578187418673149,0.00044032977155356696,-4.391751228016716e-06,0.9890392601074229,1.01
0.31465288523948043,0.9997319684339057,0.2837189170933069,0.01,1.088442412908025,1.0212335692618808,1.578187418673149,0.000440880623538486,-2.9423675547146644e-06,0.9902765469655676,1.01
0.31465288523948043,0.9997319684339057,0.2837189170933069,0.01,1.088440267219281,1.0212335692618808,1.578187418673149,0.0004382179412397659,-1.971338785211607e-06,0.984295808208486,1.01
0.3146150344636618,0.9997894713074293,0.2837375963787446,0.01,1.084513827094181,1.0212335692618808,1.594967577896008,0.0003429455401239079,-0.003607400647838155,0.9806980038366968,1.01
0.3146150123239999,0.9997894966327154,0.2837375963787446,0.01,1.081967928425236,1.0212335692618808,1.594967577896008,0.00034346888573555514,-0.0023475022681512803,0.98231274572323,1.01
0.3146528570361823,0.9997320006952873,0.2837189170933069,0.01,1.0840558206047595,1.0212335692618808,1.578187418673149,0.0004387609210803621,0.0019297172537844354,0.9856340481510534,1.01
0.31465288521847795,0.9997319684579301,0.2837189170933069,0.01,1.0854798766457299,1.0212335692618808,1.578187418673149,0.0004393852649577762,0.0013136371890665188,0.9869178610714276,1.01
0.31465288523946483,0.9997319684339235,0.2837189170933069,0.01,1.0864456238843403,1.0212335692618808,1.578187418673149,0.0004395066095090687,0.0008896961237039314,0.987190328685975,1.01
0.31465288523948043,0.9997319684339057,0.2837189170933069,0.01,1.0870979985789004,1.0212335692618808,1.578187418673149,0.0004393493799267496,0.0006004669540917718,0.9868371700562316,1.01
0.3146150344636618,0.9997894713074293,0.2837375963787446,0.01,1.08364748411066,1.0212335692618808,1.594967577896008,0.0003436163205672657,-0.0031740601792580314,0.9826161889852075,1.01
0.3146150123239999,0.9997894966327154,0.2837375963787446,0.01,1.0814014342300806,1.0212335692618808,1.594967577896008,0.0003430483045472334,-0.0020726757672701046,0.9811098936482446,1.01
0.31461501231105005,0.9997894966475287,0.2837375963787446,0.01,1.0799247803688823,1.0212335692618808,1.594967577896008,0.0003428470190673535,-0.001365500187494817,0.9805342910216651,1.01
0.3146528570361727,0.9997320006952984,0.2837189170933069,0.01,1.0826529756458294,1.0212335692618808,1.578187418673149,0.00043847692562369367,0.002526282687961956,0.9849960798171042,1.01
0.31465288521847795,0.9997319684579301,0.2837189170933069,0.01,1.084524121831305,1.0212335692618808,1.578187418673149,0.0004393685050930924,0.0017282972730570112,0.986880216181825,1.01
0.3146150344636495,0.9997894713074433,0.2837375963787446,0.01,1.0819746497435694,1.0212335692618808,1.594967577896008,0.00034330228847343625,-0.0023507749034025194,0.9817181728600367,1.01
0.3146150123239999,0.9997894966327154,0.2837375963787446,0.01,1.080302731169286,1.0212335692618808,1.594967577896008,0.0003439545526177341,-0.0015452474553627749,0.9837017413160377,1.01
0.31461501231105005,0.9997894966475287,0.2837375963787446,0.01,1.0791982580237323,1.0212335692618808,1.594967577896008,0.0003437951359673756,-0.0010223737418106893,0.983245882724862,1.01
0.31461501231104244,0.9997894966475374,0.2837375963787446,0.01,1.0784651557737284,1.0212335692618808,1.594967577896008,0.0003433069721807378,-0.0006793026624657417,0.9818497459876092,1.01
0.3146528570361727,0.9997320006952984,0.2837189170933069,0.01,1.0816451689239837,1.0212335692618808,1.578187418673149,0.0004383788624839571,0.0029486470965061073,0.9847757904414036,1.01
0.31465288521847795,0.9997319684579301,0.2837189170933069,0.01,1.0838348220613339,1.0212335692618808,1.578187418673149,0.00044028522859793524,0.0020243728722317833,0.98893929934357,1.01
0.31465288523946483,0.9997319684339235,0.2837189170933069,0.01,1.0853295998296149,1.0212335692618808,1.578187418673149,0.0004418997135343835,0.0013791564340386309,0.992565558769475,1.01
0.31465288523948043,0.9997319684339057,0.2837189170933069,0.01,1.0863439235658268,1.0212335692618808,1.578187418673149,0.00044083223639577177,0.0009345766819324197,0.9901678630043665,1.01
0.31465288523948043,0.9997319684339057,0.2837189170933069,0.01,1.087029396432743,1.0212335692618808,1.578187418673149,0.00044059681223576337,0.0006309906577894875,0.9896390690138392,1.01
0.31465288523948043,0.9997319684339057,0.2837189170933069,0.01,1.087491337984684,1.0212335692618808,1.578187418673149,0.0004413141410070984,0.0004249577366139956,0.991250284886779,1.01
0.31470003363096527,0.9996603380113168,0.2836956460215635,0.01,1.0914476608638473,1.0212335692618808,1.5615836697332064,0.0005613167985489701,0.0036380270269509296,0.9949070695619439,1.01
0.31465292035006337,0.9997319282713716,0.2837189170933069,0.01,1.0904436302073601,1.0212335692618808,1.578187418673149,0.0004424178320031694,-0.0009199072868895097,0.9935804410989573,1.01
0.3146528852656267,0.9997319684039973,0.2837189170933069,0.01,1.08977657363643,1.0212335692618808,1.578187418673149,0.0004422217321025597,-0.0006117295314048699,0.9932887444210188,1.01
0.31465288523949997,0.9997319684338833,0.2837189170933069,0.01,1.0893321451486124,1.0212335692618808,1.578187418673149,0.0004407456604314194,-0.0004078161510983058,0.9899734017857479,1.01
0.3146528852394805,0.9997319684339057,0.2837189170933069,0.01,1.089035489948686,1.0212335692618808,1.578187418673149,0.0004392114004705313,-0.00027232759195394696,0.9865272498369944,1.01
0.31465288523948043,0.9997319684339057,0.2837189170933069,0.01,1.088837227087458,1.0212335692618808,1.578187418673149,0.000440705066527915,-0.0001820536273224871,0.9898822225590455,1.01
0.31470003363096527,0.9996603380113168,0.2836956460215635,0.01,1.0923842046277683,1.0212335692618808,1.5615836697332064,0.0005612923318569983,0.003257582907775891,0.9948637035253769,1.01
0.3147000781247586,0.9996602871154975,0.2836956460215635,0.01,1.0948336152485163,1.0212335692618808,1.5615836697332064,0.00056138726092453,0.002242261111403243,0.994882884947893,1.01
0.3147000781667473,0.9996602870674672,0.2836956460215635,0.01,1.0965091127368674,1.0212335692618808,1.5615836697332064,0.0005634003987208377,0.0015303672311621774,0.998450399263542,1.01
0.31470007816678686,0.9996602870674219,0.2836956460215635,0.01,1.0976476635835613,1.0212335692618808,1.5615836697332064,0.0005641175237434123,0.0010383414359886878,0.999721278183022,1.01
0.3147000781667869,0.9996602870674219,0.2836956460215635,0.01,1.098417826460679,1.0212335692618808,1.5615836697332064,0.000562924105621873,0.0007016485368385172,0.997606319083674,1.01
0.3147000781667869,0.9996602870674219,0.2836956460215635,0.01,1.0989371791277733,1.0212335692618808,1.5615836697332064,0.0005636645975411188,0.0004728188623519536,0.9989186086276681,1.01
0.3147000781667869,0.9996602870674219,0.2836956460215635,0.01,1.099286662092657,1.0212335692618808,1.5615836697332064,0.0005665590960438542,0.0003180190565224006,1.0040481988656225,1.01
0.3147000781667869,0.9996602870674219,0.2836956460215635,0.01,1.099521501319914,1.0212335692618808,1.5615836697332064,0.0005663781693012938,0.00021362874248831432,1.0037275629932785,1.01
0.31475872929488014,0.999571181387869,0.2836666979871103,0.01,1.1033755007028623,1.0212335692618808,1.545103792271135,0.000687051399069741,0.003505160543310737,1.0087045089078008,1.01
0.3147001335156773,0.9996602237546104,0.2836956460215635,0.01,1.1022489631668628,1.0212335692618808,1.5615836697332064,0.0005641678276519652,-0.0010209919789607724,0.9996241246189146,1.01
0.31470007821901946,0.9996602870076737,0.2836956460215635,0.01,1.101501206083293,1.0212335692618808,1.5615836697332064,0.0005656038770369264,-0.0006783921859373487,1.0023551966524071,1.01
0.31470007816683626,0.9996602870673655,0.2836956460215635,0.01,1.101003314370309,1.0212335692618808,1.5615836697332064,0.0005656994196885051,-0.0004520119544437762,1.0025246921449726,1.01
0.3147000781667869,0.9996602870674218,0.2836956460215635,0.01,1.100671107090938,1.0212335692618808,1.5615836697332064,0.0005650714049550527,-0.00030173140719469416,1.0014117332811867,1.01
0.3147000781667869,0.9996602870674219,0.2836956460215635,0.01,1.100449143641696,1.0212335692618808,1.5615836697332064,0.0005652024430487199,-0.00020166192045201203,1.0016439571796945,1.01
0.3147000781667869,0.9996602870674219,0.2836956460215635,0.01,1.1003007031647158,1.0212335692618808,1.5615836697332064,0.0005614549952011446,-0.00013489081057305174,0.9950027819025269,1.01
0.31465292038322845,0.9997319282334346,0.2837189170933069,0.01,1.0962269303071273,1.0212335692618808,1.578187418673149,0.0004428396980097606,-0.0037024177535027736,0.9945277255775367,1.01
0.31470003366413035,0.9996603379733798,0.2836956460215635,0.01,1.09745634327376,1.0212335692618808,1.5615836697332064,0.0005619220913737523,0.0011214949502182936,0.9959798107846486,1.01
0.3147000781247899,0.9996602871154617,0.2836956460215635,0.01,1.0982886087521155,1.0212335692618808,1.5615836697332064,0.0005648716492774337,0.0007583586203281367,1.0010578705930633,1.01
0.3147000781667473,0.9996602870674672,0.2836956460215635,0.01,1.0988501335138656,1.0212335692618808,1.5615836697332064,0.0005638768080790476,0.0005112724991185313,0.9992946853431071,1.01
0.31470007816678686,0.9996602870674219,0.2836956460215635,0.01,1.0992281288301595,1.0212335692618808,1.5615836697332064,0.0005623912062520028,0.0003439916916470054,0.9966619221864041,1.01
0.3147000781667869,0.9996602870674219,0.2836956460215635,0.01,1.0994821879958658,1.0212335692618808,1.5615836697332064,0.0005615510606895616,0.00023112505861422328,0.995173027833255,1.01
0.3147000781667869,0.9996602870674219,0.2836956460215635,0.01,1.0996527696368412,1.0212335692618808,1.5615836697332064,0.000563391824170161,0.00015514725280474373,0.998435203430009,1.01
0.3147000781667869,0.9996602870674219,0.2836956460215635,0.01,1.0997672223968173,1.0212335692618808,1.5615836697332064,0.0005640481426230442,0.00010408081817847581,0.9995983219203856,1.01
0.3147000781667869,0.9996602870674219,0.2836956460215635,0.01,1.0998439791126506,1.0212335692618808,1.5615836697332064,0.000563073005365918,6.979360201886387e-05,0.997870197151935,1.01
0.3147000781667869,0.9996602870674219,0.2836956460215635,0.01,1.0998954390974587,1.0212335692618808,1.5615836697332064,0.0005640888538666676,4.678844071093202e-05,0.9996704698236124,1.01
0.3147000781667869,0.9996602870674219,0.2836956460215635,0.01,1.0999299321096785,1.0212335692618808,1.5615836697332064,0.0005642789199138494,3.136026479766407e-05,1.0000073022452802,1.01
0.3147000781667869,0.9996602870674219,0.2836956460215635,0.01,1.0999530490862608,1.0212335692618808,1.5615836697332064,0.0005660824343508155,2.1016771984738725e-05,1.0032034656017748,1.01
0.3147000781667869,0.9996602870674219,0.2836956460215635,0.01,1.0999685404509152,1.0212335692618808,1.5615836697332064,0.0005646847547384609,1.4083659904740031e-05,1.0007265171118909,1.01
0.3147000781667869,0.9996602870674219,0.2836956460215635,0.01,1.099978921008018,1.0212335692618808,1.5615836697332064,0.0005640541150497967,9.437139991685939e-06,0.9996089061725236,1.01
0.3147000781667869,0.9996602870674219,0.2836956460215635,0.01,1.0999858765841786,1.0212335692618808,1.5615836697332064,0.0005633350019961061,6.323372228056456e-06,0.9983345039585614,1.01
0.31465292038322845,0.9997319282334346,0.2837189170933069,0.01,1.096024316916344,1.0212335692618808,1.578187418673149,0.0004424213403101762,-0.003601464120736364,0.9935881794317972,1.01
0.31470003366413035,0.9996603379733798,0.2836956460215635,0.01,1.0973188631521353,1.0212335692618808,1.5615836697332064,0.0005613049555944935,0.0011811291189538498,0.9948859673745205,1.01
0.3147000781247899,0.9996602871154617,0.2836956460215635,0.01,1.0981957049693944,1.0212335692618808,1.5615836697332064,0.0005620193990241335,0.0007990765917760267,0.9960031514039881,1.01
