DATAFLOW,LABELS,FREQ,TIME_PERIOD,OBS_VALUE,NOTE_YEARS_2,NOTE_YEARS_1,NOTE_LABELS_2,NOTE_LABELS_1,OBS_STATUS,DECIMALS
LU1:DF_E2312(1.0),r104,A,1995,3480.437,,,,,,1
LU1:DF_E2312(1.0),r104,A,1996,3815.547,,,,,,1
LU1:DF_E2312(1.0),r104,A,1997,3803.708,,,,,,1
LU1:DF_E2312(1.0),r104,A,1998,3838.63,,,,,,1
LU1:DF_E2312(1.0),r104,A,1999,3963.293,,,,,,1
LU1:DF_E2312(1.0),r104,A,2000,4139.014,,,,,,1
LU1:DF_E2312(1.0),r104,A,2001,4407.718,,,,,,1
LU1:DF_E2312(1.0),r104,A,2002,4628.859,,,,,,1
LU1:DF_E2312(1.0),r104,A,2003,4832.334,,,,,,1
LU1:DF_E2312(1.0),r104,A,2004,4984.214,,,,,,1
LU1:DF_E2312(1.0),r104,A,2005,4891.882,,,,,,1
LU1:DF_E2312(1.0),r104,A,2006,5043.378,,,,,,1
LU1:DF_E2312(1.0),r104,A,2007,5427.867,,,,,,1
LU1:DF_E2312(1.0),r104,A,2008,5651.281,,,,,,1
LU1:DF_E2312(1.0),r104,A,2009,5739.497,,,,,,1
LU1:DF_E2312(1.0),r104,A,2010,5963.728,,,,,,1
LU1:DF_E2312(1.0),r104,A,2011,6169.9,,,,,,1
LU1:DF_E2312(1.0),r104,A,2012,6246.775,,,,,,1
LU1:DF_E2312(1.0),r104,A,2013,6230.025,,,,,,1
LU1:DF_E2312(1.0),r104,A,2014,6458.644,,,,,,1
LU1:DF_E2312(1.0),r104,A,2015,6718.301,,,,,,1
LU1:DF_E2312(1.0),r104,A,2016,6883.119,,,,,,1
LU1:DF_E2312(1.0),r104,A,2017,7101.521,,,,,,1
LU1:DF_E2312(1.0),r104,A,2018,7540.32,,,,,,1
LU1:DF_E2312(1.0),r104,A,2019,7742.394,,,,,,1
LU1:DF_E2312(1.0),r104,A,2020,6476.431,,,,,,1
LU1:DF_E2312(1.0),r104,A,2021,8517.419,,,,,,1
LU1:DF_E2312(1.0),r104,A,2022,9109.105,,,,,,1
LU1:DF_E2312(1.0),r104,A,2023,9287.675,,,,,,1
LU1:DF_E2312(1.0),r104,A,2024,,,,,,-,1
LU1:DF_E2312(1.0),r069,A,1995,1986.7,,,,,,1
LU1:DF_E2312(1.0),r069,A,1996,2166.1,,,,,,1
LU1:DF_E2312(1.0),r069,A,1997,2366.4,,,,,,1
LU1:DF_E2312(1.0),r069,A,1998,2659.5,,,,,,1
LU1:DF_E2312(1.0),r069,A,1999,2868,,,,,,1
LU1:DF_E2312(1.0),r069,A,2000,3498,,,,,,1
LU1:DF_E2312(1.0),r069,A,2001,3993.9,,,,,,1
LU1:DF_E2312(1.0),r069,A,2002,4159.2,,,,,,1
LU1:DF_E2312(1.0),r069,A,2003,4108,,,,,,1
LU1:DF_E2312(1.0),r069,A,2004,3824.8,,,,,,1
LU1:DF_E2312(1.0),r069,A,2005,3807.2,,,,,,1
LU1:DF_E2312(1.0),r069,A,2006,3969.5,,,,,,1
LU1:DF_E2312(1.0),r069,A,2007,4166.3,,,,,,1
LU1:DF_E2312(1.0),r069,A,2008,4497.8,,,,,,1
LU1:DF_E2312(1.0),r069,A,2009,4462.3,,,,,,1
LU1:DF_E2312(1.0),r069,A,2010,4588,,,,,,1
LU1:DF_E2312(1.0),r069,A,2011,4644.9,,,,,,1
LU1:DF_E2312(1.0),r069,A,2012,5040.2,,,,,,1
LU1:DF_E2312(1.0),r069,A,2013,5182.1,,,,,,1
LU1:DF_E2312(1.0),r069,A,2014,5246.9,,,,,,1
LU1:DF_E2312(1.0),r069,A,2015,5315.1,,,,,,1
LU1:DF_E2312(1.0),r069,A,2016,5557.7,,,,,,1
LU1:DF_E2312(1.0),r069,A,2017,5705.2,,,,,,1
LU1:DF_E2312(1.0),r069,A,2018,5846.2,,,,,,1
LU1:DF_E2312(1.0),r069,A,2019,6011.5,,,,,,1
LU1:DF_E2312(1.0),r069,A,2020,6376.4,,,,,,1
LU1:DF_E2312(1.0),r069,A,2021,6569.9,,,,,,1
LU1:DF_E2312(1.0),r069,A,2022,6642.3,,,,,,1
LU1:DF_E2312(1.0),r069,A,2023,6790.7,,,,,,1
LU1:DF_E2312(1.0),r069,A,2024,,,,,,-,1
LU1:DF_E2312(1.0),r057,A,1995,18058.5,,,,,,1
LU1:DF_E2312(1.0),r057,A,1996,18666.2,,,,,,1
LU1:DF_E2312(1.0),r057,A,1997,19186.5,,,,,,1
LU1:DF_E2312(1.0),r057,A,1998,19160.9,,,,,,1
LU1:DF_E2312(1.0),r057,A,1999,19538.1,,,,,,1
LU1:DF_E2312(1.0),r057,A,2000,19862.1,,,,,,1
LU1:DF_E2312(1.0),r057,A,2001,20573.2,,,,,,1
LU1:DF_E2312(1.0),r057,A,2002,21360.7,,,,,,1
LU1:DF_E2312(1.0),r057,A,2003,21951.6,,,,,,1
LU1:DF_E2312(1.0),r057,A,2004,22478.4,,,,,,1
LU1:DF_E2312(1.0),r057,A,2005,22142.9,,,,,,1
LU1:DF_E2312(1.0),r057,A,2006,22464,,,,,,1
LU1:DF_E2312(1.0),r057,A,2007,23302.3,,,,,,1
LU1:DF_E2312(1.0),r057,A,2008,23416.4,,,,,,1
LU1:DF_E2312(1.0),r057,A,2009,23978.2,,,,,,1
LU1:DF_E2312(1.0),r057,A,2010,24509.1,,,,,,1
LU1:DF_E2312(1.0),r057,A,2011,25219.7,,,,,,1
LU1:DF_E2312(1.0),r057,A,2012,26128.3,,,,,,1
LU1:DF_E2312(1.0),r057,A,2013,26714.3,,,,,,1
LU1:DF_E2312(1.0),r057,A,2014,27557,,,,,,1
LU1:DF_E2312(1.0),r057,A,2015,28460.9,,,,,,1
LU1:DF_E2312(1.0),r057,A,2016,29520.6,,,,,,1
LU1:DF_E2312(1.0),r057,A,2017,30521.2,,,,,,1
LU1:DF_E2312(1.0),r057,A,2018,31499.1,,,,,,1
LU1:DF_E2312(1.0),r057,A,2019,32384.6,,,,,,1
LU1:DF_E2312(1.0),r057,A,2020,20271.1,,,,,,1
LU1:DF_E2312(1.0),r057,A,2021,23966.9,,,,,,1
LU1:DF_E2312(1.0),r057,A,2022,31296.2,,,,,,1
LU1:DF_E2312(1.0),r057,A,2023,33445.3,,,,,,1
LU1:DF_E2312(1.0),r057,A,2024,33965.065,,,,,,1
LU1:DF_E2312(1.0),r100,A,1995,607.819,,,,,,1
LU1:DF_E2312(1.0),r100,A,1996,628.403,,,,,,1
LU1:DF_E2312(1.0),r100,A,1997,609.509,,,,,,1
LU1:DF_E2312(1.0),r100,A,1998,635.92,,,,,,1
LU1:DF_E2312(1.0),r100,A,1999,631.779,,,,,,1
LU1:DF_E2312(1.0),r100,A,2000,731.999,,,,,,1
LU1:DF_E2312(1.0),r100,A,2001,820.814,,,,,,1
LU1:DF_E2312(1.0),r100,A,2002,916.448,,,,,,1
LU1:DF_E2312(1.0),r100,A,2003,894.377,,,,,,1
LU1:DF_E2312(1.0),r100,A,2004,957.401,,,,,,1
LU1:DF_E2312(1.0),r100,A,2005,1008.565,,,,,,1
LU1:DF_E2312(1.0),r100,A,2006,1085.799,,,,,,1
LU1:DF_E2312(1.0),r100,A,2007,1164.74,,,,,,1
LU1:DF_E2312(1.0),r100,A,2008,1266.116,,,,,,1
LU1:DF_E2312(1.0),r100,A,2009,1275.703,,,,,,1
LU1:DF_E2312(1.0),r100,A,2010,1384.336,,,,,,1
LU1:DF_E2312(1.0),r100,A,2011,1553.947,,,,,,1
LU1:DF_E2312(1.0),r100,A,2012,1627.95,,,,,,1
LU1:DF_E2312(1.0),r100,A,2013,1730.353,,,,,,1
LU1:DF_E2312(1.0),r100,A,2014,1919.379,,,,,,1
LU1:DF_E2312(1.0),r100,A,2015,1988.398,,,,,,1
LU1:DF_E2312(1.0),r100,A,2016,2089.431,,,,,,1
LU1:DF_E2312(1.0),r100,A,2017,2208.012,,,,,,1
LU1:DF_E2312(1.0),r100,A,2018,2987.042,,,,,,1
LU1:DF_E2312(1.0),r100,A,2019,3012.493,,,,,,1
LU1:DF_E2312(1.0),r100,A,2020,2604.917,,,,,,1
LU1:DF_E2312(1.0),r100,A,2021,3006.397,,,,,,1
LU1:DF_E2312(1.0),r100,A,2022,3316.202,,,,,,1
LU1:DF_E2312(1.0),r100,A,2023,3383.756,,,,,,1
LU1:DF_E2312(1.0),r100,A,2024,,,,,,-,1
LU1:DF_E2312(1.0),r040,A,1995,2268.7,,,,,,1
LU1:DF_E2312(1.0),r040,A,1996,2327,,,,,,1
LU1:DF_E2312(1.0),r040,A,1997,2474.5,,,,,,1
LU1:DF_E2312(1.0),r040,A,1998,2589,,,,,,1
LU1:DF_E2312(1.0),r040,A,1999,2613,,,,,,1
LU1:DF_E2312(1.0),r040,A,2000,2751.1,,,,,,1
LU1:DF_E2312(1.0),r040,A,2001,2877.046,,,,,,1
LU1:DF_E2312(1.0),r040,A,2002,2868.526,,,,,,1
LU1:DF_E2312(1.0),r040,A,2003,2857.779,,,,,,1
LU1:DF_E2312(1.0),r040,A,2004,2887.965,,,,,,1
LU1:DF_E2312(1.0),r040,A,2005,2950.906,,,,,,1
LU1:DF_E2312(1.0),r040,A,2006,3022.191,,,,,,1
LU1:DF_E2312(1.0),r040,A,2007,3141.621,,,,,,1
LU1:DF_E2312(1.0),r040,A,2008,3278.373,,,,,,1
LU1:DF_E2312(1.0),r040,A,2009,3190.311,,,,,,1
LU1:DF_E2312(1.0),r040,A,2010,3233.654,,,,,,1
LU1:DF_E2312(1.0),r040,A,2011,3260.896,,,,,,1
LU1:DF_E2312(1.0),r040,A,2012,3253.05,,,,,,1
LU1:DF_E2312(1.0),r040,A,2013,3222.422,,,,,,1
LU1:DF_E2312(1.0),r040,A,2014,3330.058,,,,,,1
LU1:DF_E2312(1.0),r040,A,2015,3377.268,,,,,,1
LU1:DF_E2312(1.0),r040,A,2016,3437.578,,,,,,1
LU1:DF_E2312(1.0),r040,A,2017,3469.931,,,,,,1
LU1:DF_E2312(1.0),r040,A,2018,3680.189,,,,,,1
LU1:DF_E2312(1.0),r040,A,2019,3809.258,,,,,,1
LU1:DF_E2312(1.0),r040,A,2020,3853.392,,,,,,1
LU1:DF_E2312(1.0),r040,A,2021,4056.74,,,,,,1
LU1:DF_E2312(1.0),r040,A,2022,4111.665,,,,,,1
LU1:DF_E2312(1.0),r040,A,2023,4328.071,,,,,,1
LU1:DF_E2312(1.0),r040,A,2024,,,,,,-,1
LU1:DF_E2312(1.0),r093,A,1995,11029.898,,,,,,1
LU1:DF_E2312(1.0),r093,A,1996,11353.412,,,,,,1
LU1:DF_E2312(1.0),r093,A,1997,11632.247,,,,,,1
LU1:DF_E2312(1.0),r093,A,1998,11931.323,,,,,,1
LU1:DF_E2312(1.0),r093,A,1999,11160.619,,,,,,1
LU1:DF_E2312(1.0),r093,A,2000,12115.78,,,,,,1
LU1:DF_E2312(1.0),r093,A,2001,12471.283,,,,,,1
LU1:DF_E2312(1.0),r093,A,2002,12980.067,,,,,,1
LU1:DF_E2312(1.0),r093,A,2003,13903.468,,,,,,1
LU1:DF_E2312(1.0),r093,A,2004,14663.754,,,,,,1
LU1:DF_E2312(1.0),r093,A,2005,15138.885,,,,,,1
LU1:DF_E2312(1.0),r093,A,2006,15687.195,,,,,,1
LU1:DF_E2312(1.0),r093,A,2007,16340.117,,,,,,1
LU1:DF_E2312(1.0),r093,A,2008,16929.05,,,,,,1
LU1:DF_E2312(1.0),r093,A,2009,16866.049,,,,,,1
LU1:DF_E2312(1.0),r093,A,2010,17603.718,,,,,,1
LU1:DF_E2312(1.0),r093,A,2011,17952.518,,,,,,1
LU1:DF_E2312(1.0),r093,A,2012,18488.568,,,,,,1
LU1:DF_E2312(1.0),r093,A,2013,19508.623,,,,,,1
LU1:DF_E2312(1.0),r093,A,2014,19806.524,,,,,,1
LU1:DF_E2312(1.0),r093,A,2015,20392.635,,,,,,1
LU1:DF_E2312(1.0),r093,A,2016,20826.801,,,,,,1
LU1:DF_E2312(1.0),r093,A,2017,21936.05,,,,,,1
LU1:DF_E2312(1.0),r093,A,2018,23182.254,,,,,,1
LU1:DF_E2312(1.0),r093,A,2019,24883.987,,,,,,1
LU1:DF_E2312(1.0),r093,A,2020,26062.146,,,,,,1
LU1:DF_E2312(1.0),r093,A,2021,27472.779,,,,,,1
LU1:DF_E2312(1.0),r093,A,2022,28065.741,,,,,,1
LU1:DF_E2312(1.0),r093,A,2023,28484.665,,,,,,1
LU1:DF_E2312(1.0),r093,A,2024,,,,,,-,1
LU1:DF_E2312(1.0),r092,A,1995,17879.461,,,,,,1
LU1:DF_E2312(1.0),r092,A,1996,18645.814,,,,,,1
LU1:DF_E2312(1.0),r092,A,1997,19256.34,,,,,,1
LU1:DF_E2312(1.0),r092,A,1998,20003.942,,,,,,1
LU1:DF_E2312(1.0),r092,A,1999,20492.242,,,,,,1
LU1:DF_E2312(1.0),r092,A,2000,22736.259,,,,,,1
LU1:DF_E2312(1.0),r092,A,2001,24309.754,,,,,,1
LU1:DF_E2312(1.0),r092,A,2002,26330.167,,,,,,1
LU1:DF_E2312(1.0),r092,A,2003,28317.168,,,,,,1
LU1:DF_E2312(1.0),r092,A,2004,30640.154,,,,,,1
LU1:DF_E2312(1.0),r092,A,2005,32122.585,,,,,,1
LU1:DF_E2312(1.0),r092,A,2006,33750.695,,,,,,1
LU1:DF_E2312(1.0),r092,A,2007,35480.617,,,,,,1
LU1:DF_E2312(1.0),r092,A,2008,37305.55,,,,,,1
LU1:DF_E2312(1.0),r092,A,2009,37525.049,,,,,,1
LU1:DF_E2312(1.0),r092,A,2010,40579.802,,,,,,1
LU1:DF_E2312(1.0),r092,A,2011,42952.426,,,,,,1
LU1:DF_E2312(1.0),r092,A,2012,46021.145,,,,,,1
LU1:DF_E2312(1.0),r092,A,2013,49279.628,,,,,,1
LU1:DF_E2312(1.0),r092,A,2014,51420.404,,,,,,1
LU1:DF_E2312(1.0),r092,A,2015,53606.933,,,,,,1
LU1:DF_E2312(1.0),r092,A,2016,54974.506,,,,,,1
LU1:DF_E2312(1.0),r092,A,2017,57419.149,,,,,,1
LU1:DF_E2312(1.0),r092,A,2018,59420.467,,,,,,1
LU1:DF_E2312(1.0),r092,A,2019,63026.051,,,,,,1
LU1:DF_E2312(1.0),r092,A,2020,66634.622,,,,,,1
LU1:DF_E2312(1.0),r092,A,2021,69484.494,,,,,,1
LU1:DF_E2312(1.0),r092,A,2022,71320.181,,,,,,1
LU1:DF_E2312(1.0),r092,A,2023,73978.097,,,,,,1
LU1:DF_E2312(1.0),r092,A,2024,77092.124,,,,,,1
LU1:DF_E2312(1.0),r011,A,1995,56363.553,,,,,,1
LU1:DF_E2312(1.0),r011,A,1996,55518.944,,,,,,1
LU1:DF_E2312(1.0),r011,A,1997,57038.159,,,,,,1
LU1:DF_E2312(1.0),r011,A,1998,57012.962,,,,,,1
LU1:DF_E2312(1.0),r011,A,1999,57962.381,,,,,,1
LU1:DF_E2312(1.0),r011,A,2000,58222.06,,,,,,1
LU1:DF_E2312(1.0),r011,A,2001,58437.069,,,,,,1
LU1:DF_E2312(1.0),r011,A,2002,57595.051,,,,,,1
LU1:DF_E2312(1.0),r011,A,2003,58062.862,,,,,,1
LU1:DF_E2312(1.0),r011,A,2004,57898.431,,,,,,1
LU1:DF_E2312(1.0),r011,A,2005,56705.392,,,,,,1
LU1:DF_E2312(1.0),r011,A,2006,56510.557,,,,,,1
LU1:DF_E2312(1.0),r011,A,2007,55965.067,,,,,,1
LU1:DF_E2312(1.0),r011,A,2008,56445.705,,,,,,1
LU1:DF_E2312(1.0),r011,A,2009,50378.969,,,,,,1
LU1:DF_E2312(1.0),r011,A,2010,52218.025,,,,,,1
LU1:DF_E2312(1.0),r011,A,2011,53093.532,,,,,,1
LU1:DF_E2312(1.0),r011,A,2012,51710.307,,,,,,1
LU1:DF_E2312(1.0),r011,A,2013,50416.41,,,,,,1
LU1:DF_E2312(1.0),r011,A,2014,50555.123,,,,,,1
LU1:DF_E2312(1.0),r011,A,2015,52298.483,,,,,,1
LU1:DF_E2312(1.0),r011,A,2016,52953.979,,,,,,1
LU1:DF_E2312(1.0),r011,A,2017,52784.696,,,,,,1
LU1:DF_E2312(1.0),r011,A,2018,53720.703,,,,,,1
LU1:DF_E2312(1.0),r011,A,2019,53435.102,,,,,,1
LU1:DF_E2312(1.0),r011,A,2020,46284.662,,,,,,1
LU1:DF_E2312(1.0),r011,A,2021,50656.751,,,,,,1
LU1:DF_E2312(1.0),r011,A,2022,51004.158,,,,,,1
LU1:DF_E2312(1.0),r011,A,2023,49588.717,,,,,,1
LU1:DF_E2312(1.0),r011,A,2024,49055.122,,,,,,1
LU1:DF_E2312(1.0),r070,A,1995,4563.6,,,,,,1
LU1:DF_E2312(1.0),r070,A,1996,4608.5,,,,,,1
LU1:DF_E2312(1.0),r070,A,1997,5290.5,,,,,,1
LU1:DF_E2312(1.0),r070,A,1998,6278.9,,,,,,1
LU1:DF_E2312(1.0),r070,A,1999,7083.4,,,,,,1
LU1:DF_E2312(1.0),r070,A,2000,7815,,,,,,1
LU1:DF_E2312(1.0),r070,A,2001,9621.9,,,,,,1
LU1:DF_E2312(1.0),r070,A,2002,10032.5,,,,,,1
LU1:DF_E2312(1.0),r070,A,2003,9927.3,,,,,,1
LU1:DF_E2312(1.0),r070,A,2004,10239.4,,,,,,1
LU1:DF_E2312(1.0),r070,A,2005,10915.1,,,,,,1
LU1:DF_E2312(1.0),r070,A,2006,11395.3,,,,,,1
LU1:DF_E2312(1.0),r070,A,2007,12888.6,,,,,,1
LU1:DF_E2312(1.0),r070,A,2008,14050.3,,,,,,1
LU1:DF_E2312(1.0),r070,A,2009,13109,,,,,,1
LU1:DF_E2312(1.0),r070,A,2010,12855.9,,,,,,1
LU1:DF_E2312(1.0),r070,A,2011,12760.8,,,,,,1
LU1:DF_E2312(1.0),r070,A,2012,13068.5,,,,,,1
LU1:DF_E2312(1.0),r070,A,2013,13621.3,,,,,,1
LU1:DF_E2312(1.0),r070,A,2014,14264.7,,,,,,1
LU1:DF_E2312(1.0),r070,A,2015,15542.3,,,,,,1
LU1:DF_E2312(1.0),r070,A,2016,16307.3,,,,,,1
LU1:DF_E2312(1.0),r070,A,2017,17135.4,,,,,,1
LU1:DF_E2312(1.0),r070,A,2018,18406.1,,,,,,1
LU1:DF_E2312(1.0),r070,A,2019,19673.4,,,,,,1
LU1:DF_E2312(1.0),r070,A,2020,21622.4,,,,,,1
LU1:DF_E2312(1.0),r070,A,2021,22368,,,,,,1
LU1:DF_E2312(1.0),r070,A,2022,24018.4,,,,,,1
LU1:DF_E2312(1.0),r070,A,2023,25281.1,,,,,,1
LU1:DF_E2312(1.0),r070,A,2024,,,,,,-,1
LU1:DF_E2312(1.0),r005,A,1995,566.8,,,,,,1
LU1:DF_E2312(1.0),r005,A,1996,513.9,,,,,,1
LU1:DF_E2312(1.0),r005,A,1997,475.9,,,,,,1
LU1:DF_E2312(1.0),r005,A,1998,526.1,,,,,,1
LU1:DF_E2312(1.0),r005,A,1999,540.3,,,,,,1
LU1:DF_E2312(1.0),r005,A,2000,548,,,,,,1
LU1:DF_E2312(1.0),r005,A,2001,527.1,,,,,,1
LU1:DF_E2312(1.0),r005,A,2002,541.8,,,,,,1
LU1:DF_E2312(1.0),r005,A,2003,564.6,,,,,,1
LU1:DF_E2312(1.0),r005,A,2004,563.9,,,,,,1
LU1:DF_E2312(1.0),r005,A,2005,553.2,,,,,,1
LU1:DF_E2312(1.0),r005,A,2006,549.4,,,,,,1
LU1:DF_E2312(1.0),r005,A,2007,568.8,,,,,,1
LU1:DF_E2312(1.0),r005,A,2008,562.1,,,,,,1
LU1:DF_E2312(1.0),r005,A,2009,552.4,,,,,,1
LU1:DF_E2312(1.0),r005,A,2010,526.4,,,,,,1
LU1:DF_E2312(1.0),r005,A,2011,513.7,,,,,,1
LU1:DF_E2312(1.0),r005,A,2012,490.8,,,,,,1
LU1:DF_E2312(1.0),r005,A,2013,469.4,,,,,,1
LU1:DF_E2312(1.0),r005,A,2014,464.6,,,,,,1
LU1:DF_E2312(1.0),r005,A,2015,470.3,,,,,,1
LU1:DF_E2312(1.0),r005,A,2016,468.3,,,,,,1
LU1:DF_E2312(1.0),r005,A,2017,496.2,,,,,,1
LU1:DF_E2312(1.0),r005,A,2018,511.1,,,,,,1
LU1:DF_E2312(1.0),r005,A,2019,488.6,,,,,,1
LU1:DF_E2312(1.0),r005,A,2020,457.1,,,,,,1
LU1:DF_E2312(1.0),r005,A,2021,469.3,,,,,,1
LU1:DF_E2312(1.0),r005,A,2022,473.4,,,,,,1
LU1:DF_E2312(1.0),r005,A,2023,438.7,,,,,,1
LU1:DF_E2312(1.0),r005,A,2024,423.559,,,,,,1
LU1:DF_E2312(1.0),r060,A,1995,8962.437,,,,,,1
LU1:DF_E2312(1.0),r060,A,1996,9923.027,,,,,,1
LU1:DF_E2312(1.0),r060,A,1997,10507.307,,,,,,1
LU1:DF_E2312(1.0),r060,A,1998,11836.452,,,,,,1
LU1:DF_E2312(1.0),r060,A,1999,13121.631,,,,,,1
LU1:DF_E2312(1.0),r060,A,2000,14690.82,,,,,,1
LU1:DF_E2312(1.0),r060,A,2001,16223.845,,,,,,1
LU1:DF_E2312(1.0),r060,A,2002,16371.882,,,,,,1
LU1:DF_E2312(1.0),r060,A,2003,16058.537,,,,,,1
LU1:DF_E2312(1.0),r060,A,2004,16338.184,,,,,,1
LU1:DF_E2312(1.0),r060,A,2005,17321.678,,,,,,1
LU1:DF_E2312(1.0),r060,A,2006,18795.83,,,,,,1
LU1:DF_E2312(1.0),r060,A,2007,21116.303,,,,,,1
LU1:DF_E2312(1.0),r060,A,2008,22620.716,,,,,,1
LU1:DF_E2312(1.0),r060,A,2009,22478.713,,,,,,1
LU1:DF_E2312(1.0),r060,A,2010,22816.681,,,,,,1
LU1:DF_E2312(1.0),r060,A,2011,24060.124,,,,,,1
LU1:DF_E2312(1.0),r060,A,2012,24664.638,,,,,,1
LU1:DF_E2312(1.0),r060,A,2013,25129.367,,,,,,1
LU1:DF_E2312(1.0),r060,A,2014,26031.51,,,,,,1
LU1:DF_E2312(1.0),r060,A,2015,27017.895,,,,,,1
LU1:DF_E2312(1.0),r060,A,2016,28283.807,,,,,,1
LU1:DF_E2312(1.0),r060,A,2017,29626.451,,,,,,1
LU1:DF_E2312(1.0),r060,A,2018,30955.997,,,,,,1
LU1:DF_E2312(1.0),r060,A,2019,31583.384,,,,,,1
LU1:DF_E2312(1.0),r060,A,2020,31506.885,,,,,,1
LU1:DF_E2312(1.0),r060,A,2021,34683.51,,,,,,1
LU1:DF_E2312(1.0),r060,A,2022,35419.718,,,,,,1
LU1:DF_E2312(1.0),r060,A,2023,36288.358,,,,,,1
LU1:DF_E2312(1.0),r060,A,2024,36484.881,,,,,,1
LU1:DF_E2312(1.0),r101,A,1995,6093.592,,,,,,1
LU1:DF_E2312(1.0),r101,A,1996,6410.745,,,,,,1
LU1:DF_E2312(1.0),r101,A,1997,6469.631,,,,,,1
LU1:DF_E2312(1.0),r101,A,1998,6675.062,,,,,,1
LU1:DF_E2312(1.0),r101,A,1999,6923.687,,,,,,1
LU1:DF_E2312(1.0),r101,A,2000,7125.776,,,,,,1
LU1:DF_E2312(1.0),r101,A,2001,7390.8,,,,,,1
LU1:DF_E2312(1.0),r101,A,2002,7707.872,,,,,,1
LU1:DF_E2312(1.0),r101,A,2003,7986.849,,,,,,1
LU1:DF_E2312(1.0),r101,A,2004,8296.262,,,,,,1
LU1:DF_E2312(1.0),r101,A,2005,8331.08,,,,,,1
LU1:DF_E2312(1.0),r101,A,2006,8492.771,,,,,,1
LU1:DF_E2312(1.0),r101,A,2007,8874.399,,,,,,1
LU1:DF_E2312(1.0),r101,A,2008,9155.837,,,,,,1
LU1:DF_E2312(1.0),r101,A,2009,9432.216,,,,,,1
LU1:DF_E2312(1.0),r101,A,2010,9847.065,,,,,,1
LU1:DF_E2312(1.0),r101,A,2011,10123.236,,,,,,1
LU1:DF_E2312(1.0),r101,A,2012,10245.388,,,,,,1
LU1:DF_E2312(1.0),r101,A,2013,10242.873,,,,,,1
LU1:DF_E2312(1.0),r101,A,2014,10522.598,,,,,,1
LU1:DF_E2312(1.0),r101,A,2015,10797.764,,,,,,1
LU1:DF_E2312(1.0),r101,A,2016,10950.401,,,,,,1
LU1:DF_E2312(1.0),r101,A,2017,11195.07,,,,,,1
LU1:DF_E2312(1.0),r101,A,2018,11867.947,,,,,,1
LU1:DF_E2312(1.0),r101,A,2019,12063.424,,,,,,1
LU1:DF_E2312(1.0),r101,A,2020,10653.529,,,,,,1
LU1:DF_E2312(1.0),r101,A,2021,13121.216,,,,,,1
LU1:DF_E2312(1.0),r101,A,2022,13804.668,,,,,,1
LU1:DF_E2312(1.0),r101,A,2023,14054.367,,,,,,1
LU1:DF_E2312(1.0),r101,A,2024,14666.132,,,,,,1
LU1:DF_E2312(1.0),r097,A,1995,1580.727,,,,,,1
LU1:DF_E2312(1.0),r097,A,1996,1770.764,,,,,,1
LU1:DF_E2312(1.0),r097,A,1997,1887.887,,,,,,1
LU1:DF_E2312(1.0),r097,A,1998,1991.43,,,,,,1
LU1:DF_E2312(1.0),r097,A,1999,2103.514,,,,,,1
LU1:DF_E2312(1.0),r097,A,2000,2164.044,,,,,,1
LU1:DF_E2312(1.0),r097,A,2001,2364.149,,,,,,1
LU1:DF_E2312(1.0),r097,A,2002,2288.378,,,,,,1
LU1:DF_E2312(1.0),r097,A,2003,2405.586,,,,,,1
LU1:DF_E2312(1.0),r097,A,2004,2512.841,,,,,,1
LU1:DF_E2312(1.0),r097,A,2005,2952.158,,,,,,1
LU1:DF_E2312(1.0),r097,A,2006,3148.476,,,,,,1
LU1:DF_E2312(1.0),r097,A,2007,3366.772,,,,,,1
LU1:DF_E2312(1.0),r097,A,2008,3333.136,,,,,,1
LU1:DF_E2312(1.0),r097,A,2009,3429.486,,,,,,1
LU1:DF_E2312(1.0),r097,A,2010,3346.667,,,,,,1
LU1:DF_E2312(1.0),r097,A,2011,3461.915,,,,,,1
LU1:DF_E2312(1.0),r097,A,2012,3561.95,,,,,,1
LU1:DF_E2312(1.0),r097,A,2013,3563.947,,,,,,1
LU1:DF_E2312(1.0),r097,A,2014,3710.691,,,,,,1
LU1:DF_E2312(1.0),r097,A,2015,3748.716,,,,,,1
LU1:DF_E2312(1.0),r097,A,2016,3772.706,,,,,,1
LU1:DF_E2312(1.0),r097,A,2017,3828.004,,,,,,1
LU1:DF_E2312(1.0),r097,A,2018,3371.443,,,,,,1
LU1:DF_E2312(1.0),r097,A,2019,3553.502,,,,,,1
LU1:DF_E2312(1.0),r097,A,2020,3331.328,,,,,,1
LU1:DF_E2312(1.0),r097,A,2021,3664.997,,,,,,1
LU1:DF_E2312(1.0),r097,A,2022,4245.618,,,,,,1
LU1:DF_E2312(1.0),r097,A,2023,4606.092,,,,,,1
LU1:DF_E2312(1.0),r097,A,2024,,,,,,-,1
LU1:DF_E2312(1.0),r094,A,1995,6849.563,,,,,,1
LU1:DF_E2312(1.0),r094,A,1996,7292.402,,,,,,1
LU1:DF_E2312(1.0),r094,A,1997,7624.093,,,,,,1
LU1:DF_E2312(1.0),r094,A,1998,8072.619,,,,,,1
LU1:DF_E2312(1.0),r094,A,1999,9331.623,,,,,,1
LU1:DF_E2312(1.0),r094,A,2000,10620.479,,,,,,1
LU1:DF_E2312(1.0),r094,A,2001,11838.471,,,,,,1
LU1:DF_E2312(1.0),r094,A,2002,13350.1,,,,,,1
LU1:DF_E2312(1.0),r094,A,2003,14413.7,,,,,,1
LU1:DF_E2312(1.0),r094,A,2004,15976.4,,,,,,1
LU1:DF_E2312(1.0),r094,A,2005,16983.7,,,,,,1
LU1:DF_E2312(1.0),r094,A,2006,18063.5,,,,,,1
LU1:DF_E2312(1.0),r094,A,2007,19140.5,,,,,,1
LU1:DF_E2312(1.0),r094,A,2008,20376.5,,,,,,1
LU1:DF_E2312(1.0),r094,A,2009,20659,,,,,,1
LU1:DF_E2312(1.0),r094,A,2010,22976.084,,,,,,1
LU1:DF_E2312(1.0),r094,A,2011,24999.909,,,,,,1
LU1:DF_E2312(1.0),r094,A,2012,27532.577,,,,,,1
LU1:DF_E2312(1.0),r094,A,2013,29771.005,,,,,,1
LU1:DF_E2312(1.0),r094,A,2014,31613.88,,,,,,1
LU1:DF_E2312(1.0),r094,A,2015,33214.298,,,,,,1
LU1:DF_E2312(1.0),r094,A,2016,34147.705,,,,,,1
LU1:DF_E2312(1.0),r094,A,2017,35483.1,,,,,,1
LU1:DF_E2312(1.0),r094,A,2018,36238.214,,,,,,1
LU1:DF_E2312(1.0),r094,A,2019,38142.064,,,,,,1
LU1:DF_E2312(1.0),r094,A,2020,40572.476,,,,,,1
LU1:DF_E2312(1.0),r094,A,2021,42011.715,,,,,,1
LU1:DF_E2312(1.0),r094,A,2022,43254.44,,,,,,1
LU1:DF_E2312(1.0),r094,A,2023,45493.432,,,,,,1
LU1:DF_E2312(1.0),r094,A,2024,,,,,,-,1
LU1:DF_E2312(1.0),r068,A,1995,29639.6,,,,,,1
LU1:DF_E2312(1.0),r068,A,1996,29925.9,,,,,,1
LU1:DF_E2312(1.0),r068,A,1997,30796.9,,,,,,1
LU1:DF_E2312(1.0),r068,A,1998,32232.8,,,,,,1
LU1:DF_E2312(1.0),r068,A,1999,34700.7,,,,,,1
LU1:DF_E2312(1.0),r068,A,2000,37577.2,,,,,,1
LU1:DF_E2312(1.0),r068,A,2001,40041.9,,,,,,1
LU1:DF_E2312(1.0),r068,A,2002,39348.5,,,,,,1
LU1:DF_E2312(1.0),r068,A,2003,38264.7,,,,,,1
LU1:DF_E2312(1.0),r068,A,2004,37973.2,,,,,,1
LU1:DF_E2312(1.0),r068,A,2005,38654.9,,,,,,1
LU1:DF_E2312(1.0),r068,A,2006,40718.1,,,,,,1
LU1:DF_E2312(1.0),r068,A,2007,43232.4,,,,,,1
LU1:DF_E2312(1.0),r068,A,2008,46143.7,,,,,,1
LU1:DF_E2312(1.0),r068,A,2009,44248.9,,,,,,1
LU1:DF_E2312(1.0),r068,A,2010,43959.9,,,,,,1
LU1:DF_E2312(1.0),r068,A,2011,44795,,,,,,1
LU1:DF_E2312(1.0),r068,A,2012,45564.6,,,,,,1
LU1:DF_E2312(1.0),r068,A,2013,45089.7,,,,,,1
LU1:DF_E2312(1.0),r068,A,2014,45490.6,,,,,,1
LU1:DF_E2312(1.0),r068,A,2015,45874.29,,,,,,1
LU1:DF_E2312(1.0),r068,A,2016,46380.058,,,,,,1
LU1:DF_E2312(1.0),r068,A,2017,46655.662,,,,,,1
LU1:DF_E2312(1.0),r068,A,2018,47426.7,,,,,,1
LU1:DF_E2312(1.0),r068,A,2019,48404.7,,,,,,1
LU1:DF_E2312(1.0),r068,A,2020,49450.9,,,,,,1
LU1:DF_E2312(1.0),r068,A,2021,49407.2,,,,,,1
LU1:DF_E2312(1.0),r068,A,2022,49081.8,,,,,,1
LU1:DF_E2312(1.0),r068,A,2023,49549.8,,,,,,1
LU1:DF_E2312(1.0),r068,A,2024,,,,,,-,1
LU1:DF_E2312(1.0),r051,A,1995,21786.849,,,,,,1
LU1:DF_E2312(1.0),r051,A,1996,22530.956,,,,,,1
LU1:DF_E2312(1.0),r051,A,1997,24052.043,,,,,,1
LU1:DF_E2312(1.0),r051,A,1998,25903.009,,,,,,1
LU1:DF_E2312(1.0),r051,A,1999,27505.32,,,,,,1
LU1:DF_E2312(1.0),r051,A,2000,29892.214,,,,,,1
LU1:DF_E2312(1.0),r051,A,2001,32336.689,,,,,,1
LU1:DF_E2312(1.0),r051,A,2002,33717.35,,,,,,1
LU1:DF_E2312(1.0),r051,A,2003,34720.778,,,,,,1
LU1:DF_E2312(1.0),r051,A,2004,35147.671,,,,,,1
LU1:DF_E2312(1.0),r051,A,2005,35330.315,,,,,,1
LU1:DF_E2312(1.0),r051,A,2006,36341.836,,,,,,1
LU1:DF_E2312(1.0),r051,A,2007,38826.555,,,,,,1
LU1:DF_E2312(1.0),r051,A,2008,41573.158,,,,,,1
LU1:DF_E2312(1.0),r051,A,2009,40306.579,,,,,,1
LU1:DF_E2312(1.0),r051,A,2010,40106.262,,,,,,1
LU1:DF_E2312(1.0),r051,A,2011,40003.448,,,,,,1
LU1:DF_E2312(1.0),r051,A,2012,39535.195,,,,,,1
LU1:DF_E2312(1.0),r051,A,2013,39221.879,,,,,,1
LU1:DF_E2312(1.0),r051,A,2014,39273,,,,,,1
LU1:DF_E2312(1.0),r051,A,2015,39845.682,,,,,,1
LU1:DF_E2312(1.0),r051,A,2016,40996.34,,,,,,1
LU1:DF_E2312(1.0),r051,A,2017,41786.022,,,,,,1
LU1:DF_E2312(1.0),r051,A,2018,43796.071,,,,,,1
LU1:DF_E2312(1.0),r051,A,2019,45291.934,,,,,,1
LU1:DF_E2312(1.0),r051,A,2020,42485.683,,,,,,1
LU1:DF_E2312(1.0),r051,A,2021,45443.231,,,,,,1
LU1:DF_E2312(1.0),r051,A,2022,46938.291,,,,,,1
LU1:DF_E2312(1.0),r051,A,2023,47381.32,,,,,,1
LU1:DF_E2312(1.0),r051,A,2024,48427.16,,,,,,1
LU1:DF_E2312(1.0),r001,A,1995,9329.722,,,,,,1
LU1:DF_E2312(1.0),r001,A,1996,8874.796,,,,,,1
LU1:DF_E2312(1.0),r001,A,1997,8678.138,,,,,,1
LU1:DF_E2312(1.0),r001,A,1998,8447.272,,,,,,1
LU1:DF_E2312(1.0),r001,A,1999,8357.848,,,,,,1
LU1:DF_E2312(1.0),r001,A,2000,7963.032,,,,,,1
LU1:DF_E2312(1.0),r001,A,2001,7494.803,,,,,,1
LU1:DF_E2312(1.0),r001,A,2002,7277.74,,,,,,1
LU1:DF_E2312(1.0),r001,A,2003,7108.779,,,,,,1
LU1:DF_E2312(1.0),r001,A,2004,6562.703,,,,,,1
LU1:DF_E2312(1.0),r001,A,2005,6152.758,,,,,,1
LU1:DF_E2312(1.0),r001,A,2006,6146.979,,,,,,1
LU1:DF_E2312(1.0),r001,A,2007,6153.667,,,,,,1
LU1:DF_E2312(1.0),r001,A,2008,6178.572,,,,,,1
LU1:DF_E2312(1.0),r001,A,2009,5849.506,,,,,,1
LU1:DF_E2312(1.0),r001,A,2010,5776.522,,,,,,1
LU1:DF_E2312(1.0),r001,A,2011,5755.555,,,,,,1
LU1:DF_E2312(1.0),r001,A,2012,5725.643,,,,,,1
LU1:DF_E2312(1.0),r001,A,2013,5537.514,,,,,,1
LU1:DF_E2312(1.0),r001,A,2014,5524.66,,,,,,1
LU1:DF_E2312(1.0),r001,A,2015,5533.139,,,,,,1
LU1:DF_E2312(1.0),r001,A,2016,5536.41,,,,,,1
LU1:DF_E2312(1.0),r001,A,2017,5467.263,,,,,,1
LU1:DF_E2312(1.0),r001,A,2018,5436.903,,,,,,1
LU1:DF_E2312(1.0),r001,A,2019,5412.963,,,,,,1
LU1:DF_E2312(1.0),r001,A,2020,6006.797,,,,,,1
LU1:DF_E2312(1.0),r001,A,2021,6630.203,,,,,,1
LU1:DF_E2312(1.0),r001,A,2022,6456.976,,,,,,1
LU1:DF_E2312(1.0),r001,A,2023,6163.058,,,,,,1
LU1:DF_E2312(1.0),r001,A,2024,6181.981,,,,,,1
LU1:DF_E2312(1.0),r002,A,1995,8351.822,,,,,,1
LU1:DF_E2312(1.0),r002,A,1996,7918.796,,,,,,1
LU1:DF_E2312(1.0),r002,A,1997,7680.538,,,,,,1
LU1:DF_E2312(1.0),r002,A,1998,7442.172,,,,,,1
LU1:DF_E2312(1.0),r002,A,1999,7322.948,,,,,,1
LU1:DF_E2312(1.0),r002,A,2000,6909.632,,,,,,1
LU1:DF_E2312(1.0),r002,A,2001,6367.003,,,,,,1
LU1:DF_E2312(1.0),r002,A,2002,6226.44,,,,,,1
LU1:DF_E2312(1.0),r002,A,2003,6070.425,,,,,,1
LU1:DF_E2312(1.0),r002,A,2004,5969.793,,,,,,1
LU1:DF_E2312(1.0),r002,A,2005,5674.156,,,,,,1
LU1:DF_E2312(1.0),r002,A,2006,5649.584,,,,,,1
LU1:DF_E2312(1.0),r002,A,2007,5626.025,,,,,,1
LU1:DF_E2312(1.0),r002,A,2008,5653.493,,,,,,1
LU1:DF_E2312(1.0),r002,A,2009,5342.806,,,,,,1
LU1:DF_E2312(1.0),r002,A,2010,5248.766,,,,,,1
LU1:DF_E2312(1.0),r002,A,2011,5196.764,,,,,,1
LU1:DF_E2312(1.0),r002,A,2012,5148.013,,,,,,1
LU1:DF_E2312(1.0),r002,A,2013,5087.236,,,,,,1
LU1:DF_E2312(1.0),r002,A,2014,5042.348,,,,,,1
LU1:DF_E2312(1.0),r002,A,2015,5035.766,,,,,,1
LU1:DF_E2312(1.0),r002,A,2016,5026.41,,,,,,1
LU1:DF_E2312(1.0),r002,A,2017,4954.416,,,,,,1
LU1:DF_E2312(1.0),r002,A,2018,4919.254,,,,,,1
LU1:DF_E2312(1.0),r002,A,2019,4904.785,,,,,,1
LU1:DF_E2312(1.0),r002,A,2020,5543.996,,,,,,1
LU1:DF_E2312(1.0),r002,A,2021,6076.907,,,,,,1
LU1:DF_E2312(1.0),r002,A,2022,5895.979,,,,,,1
LU1:DF_E2312(1.0),r002,A,2023,5623.438,,,,,,1
LU1:DF_E2312(1.0),r002,A,2024,,,,,,-,1
LU1:DF_E2312(1.0),r096,A,1995,2188.546,,,,,,1
LU1:DF_E2312(1.0),r096,A,1996,2399.167,,,,,,1
LU1:DF_E2312(1.0),r096,A,1997,2497.395,,,,,,1
LU1:DF_E2312(1.0),r096,A,1998,2627.35,,,,,,1
LU1:DF_E2312(1.0),r096,A,1999,2735.293,,,,,,1
LU1:DF_E2312(1.0),r096,A,2000,2896.043,,,,,,1
LU1:DF_E2312(1.0),r096,A,2001,3184.962,,,,,,1
LU1:DF_E2312(1.0),r096,A,2002,3204.826,,,,,,1
LU1:DF_E2312(1.0),r096,A,2003,3299.963,,,,,,1
LU1:DF_E2312(1.0),r096,A,2004,3470.242,,,,,,1
LU1:DF_E2312(1.0),r096,A,2005,3960.722,,,,,,1
LU1:DF_E2312(1.0),r096,A,2006,4234.275,,,,,,1
LU1:DF_E2312(1.0),r096,A,2007,4531.512,,,,,,1
LU1:DF_E2312(1.0),r096,A,2008,4599.252,,,,,,1
LU1:DF_E2312(1.0),r096,A,2009,4705.189,,,,,,1
LU1:DF_E2312(1.0),r096,A,2010,4731.003,,,,,,1
LU1:DF_E2312(1.0),r096,A,2011,5015.862,,,,,,1
LU1:DF_E2312(1.0),r096,A,2012,5189.9,,,,,,1
LU1:DF_E2312(1.0),r096,A,2013,5294.299,,,,,,1
LU1:DF_E2312(1.0),r096,A,2014,5630.07,,,,,,1
LU1:DF_E2312(1.0),r096,A,2015,5737.114,,,,,,1
LU1:DF_E2312(1.0),r096,A,2016,5862.137,,,,,,1
LU1:DF_E2312(1.0),r096,A,2017,6036.016,,,,,,1
LU1:DF_E2312(1.0),r096,A,2018,6358.486,,,,,,1
LU1:DF_E2312(1.0),r096,A,2019,6565.994,,,,,,1
LU1:DF_E2312(1.0),r096,A,2020,5936.244,,,,,,1
LU1:DF_E2312(1.0),r096,A,2021,6671.394,,,,,,1
LU1:DF_E2312(1.0),r096,A,2022,7561.82,,,,,,1
LU1:DF_E2312(1.0),r096,A,2023,7989.848,,,,,,1
LU1:DF_E2312(1.0),r096,A,2024,8306.936,,,,,,1
LU1:DF_E2312(1.0),r067,A,1995,36189.9,,,,,,1
LU1:DF_E2312(1.0),r067,A,1996,36700.5,,,,,,1
LU1:DF_E2312(1.0),r067,A,1997,38453.8,,,,,,1
LU1:DF_E2312(1.0),r067,A,1998,41171.2,,,,,,1
LU1:DF_E2312(1.0),r067,A,1999,44652.1,,,,,,1
LU1:DF_E2312(1.0),r067,A,2000,48890.2,,,,,,1
LU1:DF_E2312(1.0),r067,A,2001,53657.7,,,,,,1
LU1:DF_E2312(1.0),r067,A,2002,53540.2,,,,,,1
LU1:DF_E2312(1.0),r067,A,2003,52300,,,,,,1
LU1:DF_E2312(1.0),r067,A,2004,52037.4,,,,,,1
LU1:DF_E2312(1.0),r067,A,2005,53377.2,,,,,,1
LU1:DF_E2312(1.0),r067,A,2006,56082.9,,,,,,1
LU1:DF_E2312(1.0),r067,A,2007,60287.3,,,,,,1
LU1:DF_E2312(1.0),r067,A,2008,64691.8,,,,,,1
LU1:DF_E2312(1.0),r067,A,2009,61820.2,,,,,,1
LU1:DF_E2312(1.0),r067,A,2010,61403.8,,,,,,1
LU1:DF_E2312(1.0),r067,A,2011,62200.7,,,,,,1
LU1:DF_E2312(1.0),r067,A,2012,63673.3,,,,,,1
LU1:DF_E2312(1.0),r067,A,2013,63893.1,,,,,,1
LU1:DF_E2312(1.0),r067,A,2014,65002.2,,,,,,1
LU1:DF_E2312(1.0),r067,A,2015,66731.69,,,,,,1
LU1:DF_E2312(1.0),r067,A,2016,68245.058,,,,,,1
LU1:DF_E2312(1.0),r067,A,2017,69496.262,,,,,,1
LU1:DF_E2312(1.0),r067,A,2018,71679,,,,,,1
LU1:DF_E2312(1.0),r067,A,2019,74089.6,,,,,,1
LU1:DF_E2312(1.0),r067,A,2020,77449.7,,,,,,1
LU1:DF_E2312(1.0),r067,A,2021,78345.1,,,,,,1
LU1:DF_E2312(1.0),r067,A,2022,79742.5,,,,,,1
LU1:DF_E2312(1.0),r067,A,2023,81621.6,,,,,,1
LU1:DF_E2312(1.0),r067,A,2024,83266.754,,,,,,1
LU1:DF_E2312(1.0),r102,A,1995,2310.9,,,,,,1
LU1:DF_E2312(1.0),r102,A,1996,2320,,,,,,1
LU1:DF_E2312(1.0),r102,A,1997,2377.8,,,,,,1
LU1:DF_E2312(1.0),r102,A,1998,2520.8,,,,,,1
LU1:DF_E2312(1.0),r102,A,1999,2563.7,,,,,,1
LU1:DF_E2312(1.0),r102,A,2000,2601.4,,,,,,1
LU1:DF_E2312(1.0),r102,A,2001,2610.7,,,,,,1
LU1:DF_E2312(1.0),r102,A,2002,2661.6,,,,,,1
LU1:DF_E2312(1.0),r102,A,2003,2731.6,,,,,,1
LU1:DF_E2312(1.0),r102,A,2004,2911,,,,,,1
LU1:DF_E2312(1.0),r102,A,2005,3005.7,,,,,,1
LU1:DF_E2312(1.0),r102,A,2006,2993.4,,,,,,1
LU1:DF_E2312(1.0),r102,A,2007,3009.8,,,,,,1
LU1:DF_E2312(1.0),r102,A,2008,3116.1,,,,,,1
LU1:DF_E2312(1.0),r102,A,2009,3260.9,,,,,,1
LU1:DF_E2312(1.0),r102,A,2010,3465.1,,,,,,1
LU1:DF_E2312(1.0),r102,A,2011,3529.9,,,,,,1
LU1:DF_E2312(1.0),r102,A,2012,3567.3,,,,,,1
LU1:DF_E2312(1.0),r102,A,2013,3588.3,,,,,,1
LU1:DF_E2312(1.0),r102,A,2014,3627.9,,,,,,1
LU1:DF_E2312(1.0),r102,A,2015,3660.5,,,,,,1
LU1:DF_E2312(1.0),r102,A,2016,3645.8,,,,,,1
LU1:DF_E2312(1.0),r102,A,2017,3685.1,,,,,,1
LU1:DF_E2312(1.0),r102,A,2018,3922.5,,,,,,1
LU1:DF_E2312(1.0),r102,A,2019,3926,,,,,,1
LU1:DF_E2312(1.0),r102,A,2020,3869.3,,,,,,1
LU1:DF_E2312(1.0),r102,A,2021,4275.8,,,,,,1
LU1:DF_E2312(1.0),r102,A,2022,4339,,,,,,1
LU1:DF_E2312(1.0),r102,A,2023,4408.1,,,,,,1
LU1:DF_E2312(1.0),r102,A,2024,,,,,,-,1
LU1:DF_E2312(1.0),r108,A,1995,0,,,,,,1
LU1:DF_E2312(1.0),r108,A,1996,0,,,,,,1
LU1:DF_E2312(1.0),r108,A,1997,0,,,,,,1
LU1:DF_E2312(1.0),r108,A,1998,0,,,,,,1
LU1:DF_E2312(1.0),r108,A,1999,0,,,,,,1
LU1:DF_E2312(1.0),r108,A,2000,0,,,,,,1
LU1:DF_E2312(1.0),r108,A,2001,0,,,,,,1
LU1:DF_E2312(1.0),r108,A,2002,0,,,,,,1
LU1:DF_E2312(1.0),r108,A,2003,0,,,,,,1
LU1:DF_E2312(1.0),r108,A,2004,0,,,,,,1
LU1:DF_E2312(1.0),r108,A,2005,0,,,,,,1
LU1:DF_E2312(1.0),r108,A,2006,0,,,,,,1
LU1:DF_E2312(1.0),r108,A,2007,0,,,,,,1
LU1:DF_E2312(1.0),r108,A,2008,0,,,,,,1
LU1:DF_E2312(1.0),r108,A,2009,0,,,,,,1
LU1:DF_E2312(1.0),r108,A,2010,0,,,,,,1
LU1:DF_E2312(1.0),r108,A,2011,0,,,,,,1
LU1:DF_E2312(1.0),r108,A,2012,0,,,,,,1
LU1:DF_E2312(1.0),r108,A,2013,0,,,,,,1
LU1:DF_E2312(1.0),r108,A,2014,0,,,,,,1
LU1:DF_E2312(1.0),r108,A,2015,0,,,,,,1
LU1:DF_E2312(1.0),r108,A,2016,0,,,,,,1
LU1:DF_E2312(1.0),r108,A,2017,0,,,,,,1
LU1:DF_E2312(1.0),r108,A,2018,0,,,,,,1
LU1:DF_E2312(1.0),r108,A,2019,0,,,,,,1
LU1:DF_E2312(1.0),r108,A,2020,0,,,,,,1
LU1:DF_E2312(1.0),r108,A,2021,0,,,,,,1
LU1:DF_E2312(1.0),r108,A,2022,0,,,,,,1
LU1:DF_E2312(1.0),r108,A,2023,0,,,,,,1
LU1:DF_E2312(1.0),r108,A,2024,0,,,,,,1
LU1:DF_E2312(1.0),r003,A,1995,977.9,,,,,,1
LU1:DF_E2312(1.0),r003,A,1996,956,,,,,,1
LU1:DF_E2312(1.0),r003,A,1997,997.6,,,,,,1
LU1:DF_E2312(1.0),r003,A,1998,1005.1,,,,,,1
LU1:DF_E2312(1.0),r003,A,1999,1034.9,,,,,,1
LU1:DF_E2312(1.0),r003,A,2000,1053.4,,,,,,1
LU1:DF_E2312(1.0),r003,A,2001,1127.8,,,,,,1
LU1:DF_E2312(1.0),r003,A,2002,1051.3,,,,,,1
LU1:DF_E2312(1.0),r003,A,2003,1038.353,,,,,,1
LU1:DF_E2312(1.0),r003,A,2004,592.91,,,,,,1
LU1:DF_E2312(1.0),r003,A,2005,478.602,,,,,,1
LU1:DF_E2312(1.0),r003,A,2006,497.395,,,,,,1
LU1:DF_E2312(1.0),r003,A,2007,527.642,,,,,,1
LU1:DF_E2312(1.0),r003,A,2008,525.079,,,,,,1
LU1:DF_E2312(1.0),r003,A,2009,506.7,,,,,,1
LU1:DF_E2312(1.0),r003,A,2010,527.756,,,,,,1
LU1:DF_E2312(1.0),r003,A,2011,558.791,,,,,,1
LU1:DF_E2312(1.0),r003,A,2012,577.63,,,,,,1
LU1:DF_E2312(1.0),r003,A,2013,450.278,,,,,,1
LU1:DF_E2312(1.0),r003,A,2014,482.312,,,,,,1
LU1:DF_E2312(1.0),r003,A,2015,497.373,,,,,,1
LU1:DF_E2312(1.0),r003,A,2016,509.999,,,,,,1
LU1:DF_E2312(1.0),r003,A,2017,512.847,,,,,,1
LU1:DF_E2312(1.0),r003,A,2018,517.649,,,,,,1
LU1:DF_E2312(1.0),r003,A,2019,508.178,,,,,,1
LU1:DF_E2312(1.0),r003,A,2020,462.8,,,,,,1
LU1:DF_E2312(1.0),r003,A,2021,553.296,,,,,,1
LU1:DF_E2312(1.0),r003,A,2022,560.996,,,,,,1
LU1:DF_E2312(1.0),r003,A,2023,539.62,,,,,,1
LU1:DF_E2312(1.0),r003,A,2024,,,,,,-,1
LU1:DF_E2312(1.0),r071,A,1995,1015.465,,,,,,1
LU1:DF_E2312(1.0),r071,A,1996,1543.344,,,,,,1
LU1:DF_E2312(1.0),r071,A,1997,1722.835,,,,,,1
LU1:DF_E2312(1.0),r071,A,1998,1894.188,,,,,,1
LU1:DF_E2312(1.0),r071,A,1999,1968.762,,,,,,1
LU1:DF_E2312(1.0),r071,A,2000,2120.942,,,,,,1
LU1:DF_E2312(1.0),r071,A,2001,2462.37,,,,,,1
LU1:DF_E2312(1.0),r071,A,2002,2491.114,,,,,,1
LU1:DF_E2312(1.0),r071,A,2003,2613.527,,,,,,1
LU1:DF_E2312(1.0),r071,A,2004,2721.622,,,,,,1
LU1:DF_E2312(1.0),r071,A,2005,3487.573,,,,,,1
LU1:DF_E2312(1.0),r071,A,2006,3800.215,,,,,,1
LU1:DF_E2312(1.0),r071,A,2007,4107.991,,,,,,1
LU1:DF_E2312(1.0),r071,A,2008,4144.708,,,,,,1
LU1:DF_E2312(1.0),r071,A,2009,4325.192,,,,,,1
LU1:DF_E2312(1.0),r071,A,2010,4250.442,,,,,,1
LU1:DF_E2312(1.0),r071,A,2011,4479.611,,,,,,1
LU1:DF_E2312(1.0),r071,A,2012,4650.019,,,,,,1
LU1:DF_E2312(1.0),r071,A,2013,5161.635,,,,,,1
LU1:DF_E2312(1.0),r071,A,2014,5296.141,,,,,,1
LU1:DF_E2312(1.0),r071,A,2015,5669.746,,,,,,1
LU1:DF_E2312(1.0),r071,A,2016,5933.683,,,,,,1
LU1:DF_E2312(1.0),r071,A,2017,6225.977,,,,,,1
LU1:DF_E2312(1.0),r071,A,2018,6854.807,,,,,,1
LU1:DF_E2312(1.0),r071,A,2019,7218.464,,,,,,1
LU1:DF_E2312(1.0),r071,A,2020,6474.072,,,,,,1
LU1:DF_E2312(1.0),r071,A,2021,7506.413,,,,,,1
LU1:DF_E2312(1.0),r071,A,2022,7289.005,,,,,,1
LU1:DF_E2312(1.0),r071,A,2023,7423.094,,,,,,1
LU1:DF_E2312(1.0),r071,A,2024,7473.069,,,,,,1
LU1:DF_E2312(1.0),r088,A,1995,20923.3,,,,,,1
LU1:DF_E2312(1.0),r088,A,1996,21601.2,,,,,,1
LU1:DF_E2312(1.0),r088,A,1997,22314.9,,,,,,1
LU1:DF_E2312(1.0),r088,A,1998,23743.7,,,,,,1
LU1:DF_E2312(1.0),r088,A,1999,23547.8,,,,,,1
LU1:DF_E2312(1.0),r088,A,2000,23921.8,,,,,,1
LU1:DF_E2312(1.0),r088,A,2001,25333.9,,,,,,1
LU1:DF_E2312(1.0),r088,A,2002,26651.2,,,,,,1
LU1:DF_E2312(1.0),r088,A,2003,27615,,,,,,1
LU1:DF_E2312(1.0),r088,A,2004,28986.7,,,,,,1
LU1:DF_E2312(1.0),r088,A,2005,28696.8,,,,,,1
LU1:DF_E2312(1.0),r088,A,2006,28732.9,,,,,,1
LU1:DF_E2312(1.0),r088,A,2007,29124,,,,,,1
LU1:DF_E2312(1.0),r088,A,2008,29597.3,,,,,,1
LU1:DF_E2312(1.0),r088,A,2009,30383.4,,,,,,1
LU1:DF_E2312(1.0),r088,A,2010,30868.5,,,,,,1
LU1:DF_E2312(1.0),r088,A,2011,32075.2,,,,,,1
LU1:DF_E2312(1.0),r088,A,2012,33008.9,,,,,,1
LU1:DF_E2312(1.0),r088,A,2013,34018.7,,,,,,1
LU1:DF_E2312(1.0),r088,A,2014,34410.1,,,,,,1
LU1:DF_E2312(1.0),r088,A,2015,35598.1,,,,,,1
LU1:DF_E2312(1.0),r088,A,2016,35930.5,,,,,,1
LU1:DF_E2312(1.0),r088,A,2017,37318.2,,,,,,1
LU1:DF_E2312(1.0),r088,A,2018,38592.5,,,,,,1
LU1:DF_E2312(1.0),r088,A,2019,38604.1,,,,,,1
LU1:DF_E2312(1.0),r088,A,2020,40785.7,,,,,,1
LU1:DF_E2312(1.0),r088,A,2021,43527,,,,,,1
LU1:DF_E2312(1.0),r088,A,2022,45627.1,,,,,,1
LU1:DF_E2312(1.0),r088,A,2023,47295.5,,,,,,1
LU1:DF_E2312(1.0),r088,A,2024,49410.55,,,,,,1
LU1:DF_E2312(1.0),r090,A,1995,14730.462,,,,,,1
LU1:DF_E2312(1.0),r090,A,1996,14501.154,,,,,,1
LU1:DF_E2312(1.0),r090,A,1997,15721.867,,,,,,1
LU1:DF_E2312(1.0),r090,A,1998,16389.622,,,,,,1
LU1:DF_E2312(1.0),r090,A,1999,16984.938,,,,,,1
LU1:DF_E2312(1.0),r090,A,2000,18295.36,,,,,,1
LU1:DF_E2312(1.0),r090,A,2001,18666.026,,,,,,1
LU1:DF_E2312(1.0),r090,A,2002,18973.227,,,,,,1
LU1:DF_E2312(1.0),r090,A,2003,20288.329,,,,,,1
LU1:DF_E2312(1.0),r090,A,2004,21200.598,,,,,,1
LU1:DF_E2312(1.0),r090,A,2005,21409.475,,,,,,1
LU1:DF_E2312(1.0),r090,A,2006,21932.145,,,,,,1
LU1:DF_E2312(1.0),r090,A,2007,22370.727,,,,,,1
LU1:DF_E2312(1.0),r090,A,2008,23438.733,,,,,,1
LU1:DF_E2312(1.0),r090,A,2009,24613.206,,,,,,1
LU1:DF_E2312(1.0),r090,A,2010,25154.997,,,,,,1
LU1:DF_E2312(1.0),r090,A,2011,26040.795,,,,,,1
LU1:DF_E2312(1.0),r090,A,2012,27174.146,,,,,,1
LU1:DF_E2312(1.0),r090,A,2013,27159.513,,,,,,1
LU1:DF_E2312(1.0),r090,A,2014,27640.661,,,,,,1
LU1:DF_E2312(1.0),r090,A,2015,28294.659,,,,,,1
LU1:DF_E2312(1.0),r090,A,2016,28661.28,,,,,,1
LU1:DF_E2312(1.0),r090,A,2017,29522.348,,,,,,1
LU1:DF_E2312(1.0),r090,A,2018,30390.948,,,,,,1
LU1:DF_E2312(1.0),r090,A,2019,32363.433,,,,,,1
LU1:DF_E2312(1.0),r090,A,2020,32954.861,,,,,,1
LU1:DF_E2312(1.0),r090,A,2021,35294.301,,,,,,1
LU1:DF_E2312(1.0),r090,A,2022,36152.731,,,,,,1
LU1:DF_E2312(1.0),r090,A,2023,37014.117,,,,,,1
LU1:DF_E2312(1.0),r090,A,2024,38665.07,,,,,,1
LU1:DF_E2312(1.0),r004,A,1995,0,,,,,,1
LU1:DF_E2312(1.0),r004,A,1996,0,,,,,,1
LU1:DF_E2312(1.0),r004,A,1997,0,,,,,,1
LU1:DF_E2312(1.0),r004,A,1998,0,,,,,,1
LU1:DF_E2312(1.0),r004,A,1999,0,,,,,,1
LU1:DF_E2312(1.0),r004,A,2000,0,,,,,,1
LU1:DF_E2312(1.0),r004,A,2001,0,,,,,,1
LU1:DF_E2312(1.0),r004,A,2002,0,,,,,,1
LU1:DF_E2312(1.0),r004,A,2003,0,,,,,,1
LU1:DF_E2312(1.0),r004,A,2004,0,,,,,,1
LU1:DF_E2312(1.0),r004,A,2005,0,,,,,,1
LU1:DF_E2312(1.0),r004,A,2006,0,,,,,,1
LU1:DF_E2312(1.0),r004,A,2007,0,,,,,,1
LU1:DF_E2312(1.0),r004,A,2008,0,,,,,,1
LU1:DF_E2312(1.0),r004,A,2009,0,,,,,,1
LU1:DF_E2312(1.0),r004,A,2010,0,,,,,,1
LU1:DF_E2312(1.0),r004,A,2011,0,,,,,,1
LU1:DF_E2312(1.0),r004,A,2012,0,,,,,,1
LU1:DF_E2312(1.0),r004,A,2013,0,,,,,,1
LU1:DF_E2312(1.0),r004,A,2014,0,,,,,,1
LU1:DF_E2312(1.0),r004,A,2015,0,,,,,,1
LU1:DF_E2312(1.0),r004,A,2016,0,,,,,,1
LU1:DF_E2312(1.0),r004,A,2017,0,,,,,,1
LU1:DF_E2312(1.0),r004,A,2018,0,,,,,,1
LU1:DF_E2312(1.0),r004,A,2019,0,,,,,,1
LU1:DF_E2312(1.0),r004,A,2020,0,,,,,,1
LU1:DF_E2312(1.0),r004,A,2021,0,,,,,,1
LU1:DF_E2312(1.0),r004,A,2022,0,,,,,,1
LU1:DF_E2312(1.0),r004,A,2023,0,,,,,,1
LU1:DF_E2312(1.0),r004,A,2024,,,,,,-,1
LU1:DF_E2312(1.0),r043,A,1995,46544.87,,,,,,1
LU1:DF_E2312(1.0),r043,A,1996,45839.449,,,,,,1
LU1:DF_E2312(1.0),r043,A,1997,46205.717,,,,,,1
LU1:DF_E2312(1.0),r043,A,1998,46977.141,,,,,,1
LU1:DF_E2312(1.0),r043,A,1999,48611.045,,,,,,1
LU1:DF_E2312(1.0),r043,A,2000,50864.277,,,,,,1
LU1:DF_E2312(1.0),r043,A,2001,52578.974,,,,,,1
LU1:DF_E2312(1.0),r043,A,2002,53664.092,,,,,,1
LU1:DF_E2312(1.0),r043,A,2003,55232.024,,,,,,1
LU1:DF_E2312(1.0),r043,A,2004,57313.903,,,,,,1
LU1:DF_E2312(1.0),r043,A,2005,57820.196,,,,,,1
LU1:DF_E2312(1.0),r043,A,2006,60950.206,,,,,,1
LU1:DF_E2312(1.0),r043,A,2007,67077.369,,,,,,1
LU1:DF_E2312(1.0),r043,A,2008,69537.627,,,,,,1
LU1:DF_E2312(1.0),r043,A,2009,65753.185,,,,,,1
LU1:DF_E2312(1.0),r043,A,2010,64918.082,,,,,,1
LU1:DF_E2312(1.0),r043,A,2011,67582.595,,,,,,1
LU1:DF_E2312(1.0),r043,A,2012,67483.153,,,,,,1
LU1:DF_E2312(1.0),r043,A,2013,67695.177,,,,,,1
LU1:DF_E2312(1.0),r043,A,2014,71075.871,,,,,,1
LU1:DF_E2312(1.0),r043,A,2015,72088.121,,,,,,1
LU1:DF_E2312(1.0),r043,A,2016,74281.116,,,,,,1
LU1:DF_E2312(1.0),r043,A,2017,75608.258,,,,,,1
LU1:DF_E2312(1.0),r043,A,2018,73521.78,,,,,,1
LU1:DF_E2312(1.0),r043,A,2019,76358.109,,,,,,1
LU1:DF_E2312(1.0),r043,A,2020,69807.148,,,,,,1
LU1:DF_E2312(1.0),r043,A,2021,81117.599,,,,,,1
LU1:DF_E2312(1.0),r043,A,2022,81819.562,,,,,,1
LU1:DF_E2312(1.0),r043,A,2023,79828.922,,,,,,1
LU1:DF_E2312(1.0),r043,A,2024,75467.074,,,,,,1
LU1:DF_E2312(1.0),r047,A,1995,51915.122,,,,,,1
LU1:DF_E2312(1.0),r047,A,1996,51770.51,,,,,,1
LU1:DF_E2312(1.0),r047,A,1997,53042.657,,,,,,1
LU1:DF_E2312(1.0),r047,A,1998,54795.291,,,,,,1
LU1:DF_E2312(1.0),r047,A,1999,56736.28,,,,,,1
LU1:DF_E2312(1.0),r047,A,2000,58129.586,,,,,,1
LU1:DF_E2312(1.0),r047,A,2001,59349.611,,,,,,1
LU1:DF_E2312(1.0),r047,A,2002,60991.65,,,,,,1
LU1:DF_E2312(1.0),r047,A,2003,61378.483,,,,,,1
LU1:DF_E2312(1.0),r047,A,2004,62170.326,,,,,,1
LU1:DF_E2312(1.0),r047,A,2005,63295.082,,,,,,1
LU1:DF_E2312(1.0),r047,A,2006,64399.361,,,,,,1
LU1:DF_E2312(1.0),r047,A,2007,65777.945,,,,,,1
LU1:DF_E2312(1.0),r047,A,2008,67438.239,,,,,,1
LU1:DF_E2312(1.0),r047,A,2009,65704.321,,,,,,1
LU1:DF_E2312(1.0),r047,A,2010,67454.638,,,,,,1
LU1:DF_E2312(1.0),r047,A,2011,69489.252,,,,,,1
LU1:DF_E2312(1.0),r047,A,2012,71068.804,,,,,,1
LU1:DF_E2312(1.0),r047,A,2013,71692.019,,,,,,1
LU1:DF_E2312(1.0),r047,A,2014,73180.6,,,,,,1
LU1:DF_E2312(1.0),r047,A,2015,73921.663,,,,,,1
LU1:DF_E2312(1.0),r047,A,2016,74418.424,,,,,,1
LU1:DF_E2312(1.0),r047,A,2017,74929.763,,,,,,1
LU1:DF_E2312(1.0),r047,A,2018,76081.158,,,,,,1
LU1:DF_E2312(1.0),r047,A,2019,78385.274,,,,,,1
LU1:DF_E2312(1.0),r047,A,2020,68823.858,,,,,,1
LU1:DF_E2312(1.0),r047,A,2021,76443.111,,,,,,1
LU1:DF_E2312(1.0),r047,A,2022,77224.855,,,,,,1
LU1:DF_E2312(1.0),r047,A,2023,78090.054,,,,,,1
LU1:DF_E2312(1.0),r047,A,2024,78682.676,,,,,,1
LU1:DF_E2312(1.0),r103,A,1995,302.255,,,,,,1
LU1:DF_E2312(1.0),r103,A,1996,275.198,,,,,,1
LU1:DF_E2312(1.0),r103,A,1997,288.123,,,,,,1
LU1:DF_E2312(1.0),r103,A,1998,315.632,,,,,,1
LU1:DF_E2312(1.0),r103,A,1999,396.694,,,,,,1
LU1:DF_E2312(1.0),r103,A,2000,385.362,,,,,,1
LU1:DF_E2312(1.0),r103,A,2001,372.381,,,,,,1
LU1:DF_E2312(1.0),r103,A,2002,417.413,,,,,,1
LU1:DF_E2312(1.0),r103,A,2003,422.915,,,,,,1
LU1:DF_E2312(1.0),r103,A,2004,401.048,,,,,,1
LU1:DF_E2312(1.0),r103,A,2005,433.498,,,,,,1
LU1:DF_E2312(1.0),r103,A,2006,455.993,,,,,,1
LU1:DF_E2312(1.0),r103,A,2007,436.732,,,,,,1
LU1:DF_E2312(1.0),r103,A,2008,388.456,,,,,,1
LU1:DF_E2312(1.0),r103,A,2009,431.819,,,,,,1
LU1:DF_E2312(1.0),r103,A,2010,418.238,,,,,,1
LU1:DF_E2312(1.0),r103,A,2011,423.436,,,,,,1
LU1:DF_E2312(1.0),r103,A,2012,431.312,,,,,,1
LU1:DF_E2312(1.0),r103,A,2013,424.547,,,,,,1
LU1:DF_E2312(1.0),r103,A,2014,436.053,,,,,,1
LU1:DF_E2312(1.0),r103,A,2015,418.963,,,,,,1
LU1:DF_E2312(1.0),r103,A,2016,421.482,,,,,,1
LU1:DF_E2312(1.0),r103,A,2017,408.449,,,,,,1
LU1:DF_E2312(1.0),r103,A,2018,405.128,,,,,,1
LU1:DF_E2312(1.0),r103,A,2019,395.03,,,,,,1
LU1:DF_E2312(1.0),r103,A,2020,307.798,,,,,,1
LU1:DF_E2312(1.0),r103,A,2021,327.997,,,,,,1
LU1:DF_E2312(1.0),r103,A,2022,356.562,,,,,,1
LU1:DF_E2312(1.0),r103,A,2023,358.592,,,,,,1
LU1:DF_E2312(1.0),r103,A,2024,,,,,,-,1
LU1:DF_E2312(1.0),r073,A,1995,15550.547,,,,,,1
LU1:DF_E2312(1.0),r073,A,1996,15890.602,,,,,,1
LU1:DF_E2312(1.0),r073,A,1997,16994.72,,,,,,1
LU1:DF_E2312(1.0),r073,A,1998,19965.785,,,,,,1
LU1:DF_E2312(1.0),r073,A,1999,22007.277,,,,,,1
LU1:DF_E2312(1.0),r073,A,2000,25021.633,,,,,,1
LU1:DF_E2312(1.0),r073,A,2001,27573.314,,,,,,1
LU1:DF_E2312(1.0),r073,A,2002,29486.089,,,,,,1
LU1:DF_E2312(1.0),r073,A,2003,30056.232,,,,,,1
LU1:DF_E2312(1.0),r073,A,2004,31010.114,,,,,,1
LU1:DF_E2312(1.0),r073,A,2005,32498.014,,,,,,1
LU1:DF_E2312(1.0),r073,A,2006,35588.22,,,,,,1
LU1:DF_E2312(1.0),r073,A,2007,39152.517,,,,,,1
LU1:DF_E2312(1.0),r073,A,2008,44539.702,,,,,,1
LU1:DF_E2312(1.0),r073,A,2009,45129.34,,,,,,1
LU1:DF_E2312(1.0),r073,A,2010,46271.367,,,,,,1
LU1:DF_E2312(1.0),r073,A,2011,48047.96,,,,,,1
LU1:DF_E2312(1.0),r073,A,2012,50993.74,,,,,,1
LU1:DF_E2312(1.0),r073,A,2013,52374.769,,,,,,1
LU1:DF_E2312(1.0),r073,A,2014,55008.474,,,,,,1
LU1:DF_E2312(1.0),r073,A,2015,58366.893,,,,,,1
LU1:DF_E2312(1.0),r073,A,2016,62259.153,,,,,,1
LU1:DF_E2312(1.0),r073,A,2017,66273.742,,,,,,1
LU1:DF_E2312(1.0),r073,A,2018,69985.982,,,,,,1
LU1:DF_E2312(1.0),r073,A,2019,72994.516,,,,,,1
LU1:DF_E2312(1.0),r073,A,2020,72222.128,,,,,,1
LU1:DF_E2312(1.0),r073,A,2021,79580.412,,,,,,1
LU1:DF_E2312(1.0),r073,A,2022,81918.928,,,,,,1
LU1:DF_E2312(1.0),r073,A,2023,86158.923,,,,,,1
LU1:DF_E2312(1.0),r073,A,2024,88231.157,,,,,,1
LU1:DF_E2312(1.0),r121,A,1995,350543.701,,,,,,1
LU1:DF_E2312(1.0),r121,A,1996,354525.857,,,,,,1
LU1:DF_E2312(1.0),r121,A,1997,367848.4,,,,,,1
LU1:DF_E2312(1.0),r121,A,1998,383537.601,,,,,,1
LU1:DF_E2312(1.0),r121,A,1999,400932.339,,,,,,1
LU1:DF_E2312(1.0),r121,A,2000,423637.688,,,,,,1
LU1:DF_E2312(1.0),r121,A,2001,444536.84,,,,,,1
LU1:DF_E2312(1.0),r121,A,2002,455394.223,,,,,,1
LU1:DF_E2312(1.0),r121,A,2003,463931.362,,,,,,1
LU1:DF_E2312(1.0),r121,A,2004,474752.145,,,,,,1
LU1:DF_E2312(1.0),r121,A,2005,481750.923,,,,,,1
LU1:DF_E2312(1.0),r121,A,2006,500337.819,,,,,,1
LU1:DF_E2312(1.0),r121,A,2007,526873.627,,,,,,1
LU1:DF_E2312(1.0),r121,A,2008,551943.183,,,,,,1
LU1:DF_E2312(1.0),r121,A,2009,535145.787,,,,,,1
LU1:DF_E2312(1.0),r121,A,2010,546073.423,,,,,,1
LU1:DF_E2312(1.0),r121,A,2011,561665.65,,,,,,1
LU1:DF_E2312(1.0),r121,A,2012,573175.776,,,,,,1
LU1:DF_E2312(1.0),r121,A,2013,580731.784,,,,,,1
LU1:DF_E2312(1.0),r121,A,2014,597449.322,,,,,,1
LU1:DF_E2312(1.0),r121,A,2015,615741.022,,,,,,1
LU1:DF_E2312(1.0),r121,A,2016,633781.666,,,,,,1
LU1:DF_E2312(1.0),r121,A,2017,651779.307,,,,,,1
LU1:DF_E2312(1.0),r121,A,2018,670509.8,,,,,,1
LU1:DF_E2312(1.0),r121,A,2019,691879.4,,,,,,1
LU1:DF_E2312(1.0),r121,A,2020,654551.6,,,,,,1
LU1:DF_E2312(1.0),r121,A,2021,715850.3,,,,,,1
LU1:DF_E2312(1.0),r121,A,2022,737629.285,,,,,,1
LU1:DF_E2312(1.0),r121,A,2023,750646.145,,,,,,1
LU1:DF_E2312(1.0),r121,A,2024,760638.776,,,,,,1
LU1:DF_E2312(1.0),r085,A,1995,6466.931,,,,,,1
LU1:DF_E2312(1.0),r085,A,1996,7086.648,,,,,,1
LU1:DF_E2312(1.0),r085,A,1997,8008.746,,,,,,1
LU1:DF_E2312(1.0),r085,A,1998,8486.645,,,,,,1
LU1:DF_E2312(1.0),r085,A,1999,9584.923,,,,,,1
LU1:DF_E2312(1.0),r085,A,2000,11190.762,,,,,,1
LU1:DF_E2312(1.0),r085,A,2001,12129.909,,,,,,1
LU1:DF_E2312(1.0),r085,A,2002,12947.359,,,,,,1
LU1:DF_E2312(1.0),r085,A,2003,13397.201,,,,,,1
LU1:DF_E2312(1.0),r085,A,2004,13816.753,,,,,,1
LU1:DF_E2312(1.0),r085,A,2005,14566.568,,,,,,1
LU1:DF_E2312(1.0),r085,A,2006,15192.673,,,,,,1
LU1:DF_E2312(1.0),r085,A,2007,16337.767,,,,,,1
LU1:DF_E2312(1.0),r085,A,2008,17966.801,,,,,,1
LU1:DF_E2312(1.0),r085,A,2009,17764.141,,,,,,1
LU1:DF_E2312(1.0),r085,A,2010,18304.751,,,,,,1
LU1:DF_E2312(1.0),r085,A,2011,18949.914,,,,,,1
LU1:DF_E2312(1.0),r085,A,2012,19674.279,,,,,,1
LU1:DF_E2312(1.0),r085,A,2013,20382.113,,,,,,1
LU1:DF_E2312(1.0),r085,A,2014,21472.967,,,,,,1
LU1:DF_E2312(1.0),r085,A,2015,22386.636,,,,,,1
LU1:DF_E2312(1.0),r085,A,2016,23834.832,,,,,,1
LU1:DF_E2312(1.0),r085,A,2017,24970.033,,,,,,1
LU1:DF_E2312(1.0),r085,A,2018,26904.164,,,,,,1
LU1:DF_E2312(1.0),r085,A,2019,28239.505,,,,,,1
LU1:DF_E2312(1.0),r085,A,2020,26805.122,,,,,,1
LU1:DF_E2312(1.0),r085,A,2021,30391.329,,,,,,1
LU1:DF_E2312(1.0),r085,A,2022,31263.262,,,,,,1
LU1:DF_E2312(1.0),r085,A,2023,32044.063,,,,,,1
LU1:DF_E2312(1.0),r085,A,2024,,,,,,-,1
LU1:DF_E2312(1.0),r039,A,1995,682.911,,,,,,1
LU1:DF_E2312(1.0),r039,A,1996,665.686,,,,,,1
LU1:DF_E2312(1.0),r039,A,1997,669.818,,,,,,1
LU1:DF_E2312(1.0),r039,A,1998,669.336,,,,,,1
LU1:DF_E2312(1.0),r039,A,1999,671.391,,,,,,1
LU1:DF_E2312(1.0),r039,A,2000,664.595,,,,,,1
LU1:DF_E2312(1.0),r039,A,2001,681.022,,,,,,1
LU1:DF_E2312(1.0),r039,A,2002,677.795,,,,,,1
LU1:DF_E2312(1.0),r039,A,2003,665.932,,,,,,1
LU1:DF_E2312(1.0),r039,A,2004,675.55,,,,,,1
LU1:DF_E2312(1.0),r039,A,2005,676.668,,,,,,1
LU1:DF_E2312(1.0),r039,A,2006,671.009,,,,,,1
LU1:DF_E2312(1.0),r039,A,2007,677.409,,,,,,1
LU1:DF_E2312(1.0),r039,A,2008,671.393,,,,,,1
LU1:DF_E2312(1.0),r039,A,2009,679.412,,,,,,1
LU1:DF_E2312(1.0),r039,A,2010,701.185,,,,,,1
LU1:DF_E2312(1.0),r039,A,2011,704.148,,,,,,1
LU1:DF_E2312(1.0),r039,A,2012,719.034,,,,,,1
LU1:DF_E2312(1.0),r039,A,2013,586.163,,,,,,1
LU1:DF_E2312(1.0),r039,A,2014,602.326,,,,,,1
LU1:DF_E2312(1.0),r039,A,2015,612.399,,,,,,1
LU1:DF_E2312(1.0),r039,A,2016,613.844,,,,,,1
LU1:DF_E2312(1.0),r039,A,2017,624.123,,,,,,1
LU1:DF_E2312(1.0),r039,A,2018,636.8,,,,,,1
LU1:DF_E2312(1.0),r039,A,2019,623.9,,,,,,1
LU1:DF_E2312(1.0),r039,A,2020,683.4,,,,,,1
LU1:DF_E2312(1.0),r039,A,2021,666.9,,,,,,1
LU1:DF_E2312(1.0),r039,A,2022,678.5,,,,,,1
LU1:DF_E2312(1.0),r039,A,2023,725.5,,,,,,1
LU1:DF_E2312(1.0),r039,A,2024,,,,,,-,1
LU1:DF_E2312(1.0),r038,A,1995,2951.611,,,,,,1
LU1:DF_E2312(1.0),r038,A,1996,2992.686,,,,,,1
LU1:DF_E2312(1.0),r038,A,1997,3144.318,,,,,,1
LU1:DF_E2312(1.0),r038,A,1998,3258.336,,,,,,1
LU1:DF_E2312(1.0),r038,A,1999,3284.391,,,,,,1
LU1:DF_E2312(1.0),r038,A,2000,3415.695,,,,,,1
LU1:DF_E2312(1.0),r038,A,2001,3558.068,,,,,,1
LU1:DF_E2312(1.0),r038,A,2002,3546.321,,,,,,1
LU1:DF_E2312(1.0),r038,A,2003,3523.711,,,,,,1
LU1:DF_E2312(1.0),r038,A,2004,3563.515,,,,,,1
LU1:DF_E2312(1.0),r038,A,2005,3627.574,,,,,,1
LU1:DF_E2312(1.0),r038,A,2006,3693.2,,,,,,1
LU1:DF_E2312(1.0),r038,A,2007,3819.03,,,,,,1
LU1:DF_E2312(1.0),r038,A,2008,3949.766,,,,,,1
LU1:DF_E2312(1.0),r038,A,2009,3869.723,,,,,,1
LU1:DF_E2312(1.0),r038,A,2010,3934.839,,,,,,1
LU1:DF_E2312(1.0),r038,A,2011,3965.044,,,,,,1
LU1:DF_E2312(1.0),r038,A,2012,3972.084,,,,,,1
LU1:DF_E2312(1.0),r038,A,2013,3808.585,,,,,,1
LU1:DF_E2312(1.0),r038,A,2014,3932.384,,,,,,1
LU1:DF_E2312(1.0),r038,A,2015,3989.667,,,,,,1
LU1:DF_E2312(1.0),r038,A,2016,4051.422,,,,,,1
LU1:DF_E2312(1.0),r038,A,2017,4094.054,,,,,,1
LU1:DF_E2312(1.0),r038,A,2018,4316.989,,,,,,1
LU1:DF_E2312(1.0),r038,A,2019,4433.158,,,,,,1
LU1:DF_E2312(1.0),r038,A,2020,4536.792,,,,,,1
LU1:DF_E2312(1.0),r038,A,2021,4723.64,,,,,,1
LU1:DF_E2312(1.0),r038,A,2022,4790.165,,,,,,1
LU1:DF_E2312(1.0),r038,A,2023,5053.571,,,,,,1
LU1:DF_E2312(1.0),r038,A,2024,5149.382,,,,,,1
LU1:DF_E2312(1.0),r036,A,1995,2232.9,,,,,,1
LU1:DF_E2312(1.0),r036,A,1996,2215.8,,,,,,1
LU1:DF_E2312(1.0),r036,A,1997,2257.6,,,,,,1
LU1:DF_E2312(1.0),r036,A,1998,2182.9,,,,,,1
LU1:DF_E2312(1.0),r036,A,1999,2171,,,,,,1
LU1:DF_E2312(1.0),r036,A,2000,2258.6,,,,,,1
LU1:DF_E2312(1.0),r036,A,2001,2275.5,,,,,,1
LU1:DF_E2312(1.0),r036,A,2002,2338.3,,,,,,1
LU1:DF_E2312(1.0),r036,A,2003,2429.2,,,,,,1
LU1:DF_E2312(1.0),r036,A,2004,2445.9,,,,,,1
LU1:DF_E2312(1.0),r036,A,2005,2446.1,,,,,,1
LU1:DF_E2312(1.0),r036,A,2006,2510.7,,,,,,1
LU1:DF_E2312(1.0),r036,A,2007,2526.3,,,,,,1
LU1:DF_E2312(1.0),r036,A,2008,2539.4,,,,,,1
LU1:DF_E2312(1.0),r036,A,2009,2422.4,,,,,,1
LU1:DF_E2312(1.0),r036,A,2010,2459.5,,,,,,1
LU1:DF_E2312(1.0),r036,A,2011,2075.4,,,,,,1
LU1:DF_E2312(1.0),r036,A,2012,2185.3,,,,,,1
LU1:DF_E2312(1.0),r036,A,2013,2075.1,,,,,,1
LU1:DF_E2312(1.0),r036,A,2014,2160,,,,,,1
LU1:DF_E2312(1.0),r036,A,2015,2270.4,,,,,,1
LU1:DF_E2312(1.0),r036,A,2016,2375.9,,,,,,1
LU1:DF_E2312(1.0),r036,A,2017,2434.4,,,,,,1
LU1:DF_E2312(1.0),r036,A,2018,2461.6,,,,,,1
LU1:DF_E2312(1.0),r036,A,2019,2587.2,,,,,,1
LU1:DF_E2312(1.0),r036,A,2020,2609.4,,,,,,1
LU1:DF_E2312(1.0),r036,A,2021,2802.4,,,,,,1
LU1:DF_E2312(1.0),r036,A,2022,2797.2,,,,,,1
LU1:DF_E2312(1.0),r036,A,2023,2968.8,,,,,,1
LU1:DF_E2312(1.0),r036,A,2024,3102.534,,,,,,1
LU1:DF_E2312(1.0),r105,A,1995,6241.69,,,,,,1
LU1:DF_E2312(1.0),r105,A,1996,6272.871,,,,,,1
LU1:DF_E2312(1.0),r105,A,1997,6579.782,,,,,,1
LU1:DF_E2312(1.0),r105,A,1998,6573.865,,,,,,1
LU1:DF_E2312(1.0),r105,A,1999,6123.948,,,,,,1
LU1:DF_E2312(1.0),r105,A,2000,5896.993,,,,,,1
LU1:DF_E2312(1.0),r105,A,2001,6051.518,,,,,,1
LU1:DF_E2312(1.0),r105,A,2002,6140.028,,,,,,1
LU1:DF_E2312(1.0),r105,A,2003,6200.33,,,,,,1
LU1:DF_E2312(1.0),r105,A,2004,6163.095,,,,,,1
LU1:DF_E2312(1.0),r105,A,2005,6146.055,,,,,,1
LU1:DF_E2312(1.0),r105,A,2006,6737.51,,,,,,1
LU1:DF_E2312(1.0),r105,A,2007,6446.018,,,,,,1
LU1:DF_E2312(1.0),r105,A,2008,6891.69,,,,,,1
LU1:DF_E2312(1.0),r105,A,2009,7122.675,,,,,,1
LU1:DF_E2312(1.0),r105,A,2010,7309.338,,,,,,1
LU1:DF_E2312(1.0),r105,A,2011,7496.802,,,,,,1
LU1:DF_E2312(1.0),r105,A,2012,7728.942,,,,,,1
LU1:DF_E2312(1.0),r105,A,2013,8034.521,,,,,,1
LU1:DF_E2312(1.0),r105,A,2014,8314.796,,,,,,1
LU1:DF_E2312(1.0),r105,A,2015,8315.623,,,,,,1
LU1:DF_E2312(1.0),r105,A,2016,8513.422,,,,,,1
LU1:DF_E2312(1.0),r105,A,2017,8775.584,,,,,,1
LU1:DF_E2312(1.0),r105,A,2018,8576.1,,,,,,1
LU1:DF_E2312(1.0),r105,A,2019,8649.5,,,,,,1
LU1:DF_E2312(1.0),r105,A,2020,8301,,,,,,1
LU1:DF_E2312(1.0),r105,A,2021,8331,,,,,,1
LU1:DF_E2312(1.0),r105,A,2022,8066.685,,,,,,1
LU1:DF_E2312(1.0),r105,A,2023,7921.745,,,,,,1
LU1:DF_E2312(1.0),r105,A,2024,7801.114,,,,,,1
LU1:DF_E2312(1.0),r081,A,1995,11018.373,,,,,,1
LU1:DF_E2312(1.0),r081,A,1996,11714.192,,,,,,1
LU1:DF_E2312(1.0),r081,A,1997,13248.79,,,,,,1
LU1:DF_E2312(1.0),r081,A,1998,14392.525,,,,,,1
LU1:DF_E2312(1.0),r081,A,1999,17667.997,,,,,,1
LU1:DF_E2312(1.0),r081,A,2000,20886.298,,,,,,1
LU1:DF_E2312(1.0),r081,A,2001,22551.637,,,,,,1
LU1:DF_E2312(1.0),r081,A,2002,23464.613,,,,,,1
LU1:DF_E2312(1.0),r081,A,2003,24223.39,,,,,,1
LU1:DF_E2312(1.0),r081,A,2004,25743.025,,,,,,1
LU1:DF_E2312(1.0),r081,A,2005,26326.225,,,,,,1
LU1:DF_E2312(1.0),r081,A,2006,28624.119,,,,,,1
LU1:DF_E2312(1.0),r081,A,2007,31365.209,,,,,,1
LU1:DF_E2312(1.0),r081,A,2008,33316.927,,,,,,1
LU1:DF_E2312(1.0),r081,A,2009,28795.324,,,,,,1
LU1:DF_E2312(1.0),r081,A,2010,30937.06,,,,,,1
LU1:DF_E2312(1.0),r081,A,2011,31474.707,,,,,,1
LU1:DF_E2312(1.0),r081,A,2012,31526.073,,,,,,1
LU1:DF_E2312(1.0),r081,A,2013,32512.996,,,,,,1
LU1:DF_E2312(1.0),r081,A,2014,34449.131,,,,,,1
LU1:DF_E2312(1.0),r081,A,2015,36726.25,,,,,,1
LU1:DF_E2312(1.0),r081,A,2016,39565.226,,,,,,1
LU1:DF_E2312(1.0),r081,A,2017,41768.651,,,,,,1
LU1:DF_E2312(1.0),r081,A,2018,44482.162,,,,,,1
LU1:DF_E2312(1.0),r081,A,2019,45943.995,,,,,,1
LU1:DF_E2312(1.0),r081,A,2020,40350.318,,,,,,1
LU1:DF_E2312(1.0),r081,A,2021,47052.327,,,,,,1
LU1:DF_E2312(1.0),r081,A,2022,47925.142,,,,,,1
LU1:DF_E2312(1.0),r081,A,2023,47942.055,,,,,,1
LU1:DF_E2312(1.0),r081,A,2024,48786.435,,,,,,1
