y,age,grade,school
1.0,-0.01224411458096453,-1.626541708561179,-0.9797120311357751
0.0,-0.8878788211574338,-0.051856119228441126,0.7227659368149029
0.0,0.5916236124255948,-1.1972245198597886,-0.2327112180263205
1.0,-0.31257431182307066,0.5671466246935043,-1.4387721516017682
0.0,-0.4758225822099705,-0.9540067810747134,0.5029351065924877
0.0,-0.0030657527868767635,0.9859322302558572,-0.06506217445584445
0.0,-0.944520604094407,-0.6396003090283888,0.15751649641972756
1.0,-1.792665916239737,-0.15924943474779066,-0.9252494725032937
0.0,-0.8163894086958192,-0.09459419874841923,1.1949059593085474
0.0,0.5361609984922086,-0.5476587440404577,1.363465127681398
0.0,0.25190724297249156,-0.11979875354045848,1.3100846326442566
1.0,1.6217122824928525,0.581788307505398,-2.8359503861399653
0.0,-0.30044383562535093,0.578039866983365,0.4168615147604096
0.0,1.602203900613175,0.5937572974919789,0.6255870507821156
0.0,1.4028175266782192,0.8600153262860194,0.6285651589335268
1.0,0.03409924184712832,-1.5371960319142537,-0.03460258700479815
1.0,0.01581976147744699,-0.7704027709853111,0.44730964706003395
1.0,0.5050244888718732,3.711268538098507,-1.2897355444591536
0.0,2.099925905945882,-0.005406301653146227,-0.4076439430391298
0.0,1.8884768600307005,-0.5862032182794283,0.09929135726620936
0.0,-1.1199087351416286,-1.116676726175036,0.3858822266685818
1.0,-0.4402433472657392,-0.35611845102544565,0.11809839808524823
0.0,0.9891470297897771,-1.987705919440997,0.9587346682400296
0.0,-1.1251761479427838,1.7408243906152012,0.8457319578191735
1.0,-0.3853934011348402,-1.1550321076300527,-2.539293824595356
0.0,0.1112587248263779,2.4669084779808177,0.6446711076820725
1.0,0.5951781216907068,1.258054064528605,-0.2633860758576904
1.0,-0.163126103974433,0.1074341158131406,-1.439743108200216
0.0,1.9470750759723303,0.6570257865857533,-0.5913539248996292
1.0,-1.2413854830762034,-1.9336304118878969,-0.31166693154366537
0.0,-1.2274906801840952,-1.5436620534559862,1.3162893029536438
1.0,-0.8741660432940105,-0.7421688338815701,-0.6165127385122312
1.0,-0.7057680327254834,-0.7763811649681815,-0.8787174388434728
0.0,-0.22737125010041523,0.6133249293588622,0.4142280317301453
1.0,-0.03510052339043531,-1.0498277312159048,0.042381679273885926
0.0,1.5484858547805336,0.19221156033810385,1.5618148124599436
0.0,-0.6887678241585744,-0.5772978617047361,0.6043502480529552
1.0,0.4681626928470077,-0.36364258351075557,-1.044227145990818
1.0,-1.3922084679048565,1.3812977096750754,-0.6051383100433043
0.0,0.4902873432707336,1.5054513633011852,-0.14163908532347247
1.0,-0.17369630507874304,-0.3483709778023997,-1.541724692862166
1.0,-1.8097879647225854,-0.39382072081655206,-0.4774984022300418
1.0,0.931318787472165,-0.5133673046325347,-1.3398136423960632
0.0,2.7126338113260577,2.3740757088801208,-1.4383360467264807
0.0,1.7034120923949767,-0.7724111926123091,-0.13243200792520973
0.0,1.0085877182560459,1.65421460996299,0.040558746879590005
1.0,1.4423894828874921,-0.8261438981733837,-1.3594984101423242
1.0,-1.297895588811297,1.3207668393472096,0.22991421911815996
0.0,0.9423506485193162,1.5096862305007026,0.9731763922256276
1.0,-1.2521712218589471,0.04014055153854415,-0.9300076913107885
0.0,0.6042524128261745,-1.2987655652049948,2.1349533793776043
1.0,-0.6818165564994947,-1.0379501280159025,-0.7708471630878723
0.0,-0.6405015669992469,0.3725983804325501,1.5248139648221513
1.0,1.2384945965187026,-1.1093634083032387,-0.3646250060214703
0.0,-0.4976530313999757,0.4373304177974888,-0.22388776080615463
0.0,1.9028327602839508,0.7322970716522725,-0.7505257852911137
0.0,1.554385549348158,0.833277783818612,-0.4385156660426967
1.0,-1.3607671688689764,0.4933294490151501,0.5011278572851438
0.0,0.9269753670274175,-0.3031247998770156,-0.32601937907431333
0.0,-0.19618154741004648,-0.39399816345138783,0.800342783919593
1.0,-1.4583806635189416,0.08250012758024483,-0.36590175330934527
1.0,-0.28276963262891175,-0.5152674176110786,-0.3376939539255456
0.0,0.11617647961982555,1.1224461827216623,-0.18779600073933053
1.0,0.302072130689746,-0.31214411984621554,-0.5039924495090804
0.0,0.5043860440741801,-1.0016452242880154,-0.5664447025887417
0.0,0.14129685137137377,-0.4611381440647962,0.26737143259058105
0.0,2.801979166327315,0.4015099097800373,0.41150082652383857
0.0,1.1463478703417347,-1.5819264375577202,0.4489912073649794
0.0,0.07403669675609659,0.143028999366511,2.8073642500577884
0.0,0.4608173494113235,0.6292535847106312,0.8786806295322384
0.0,1.0548541274454393,-0.1782836945031724,1.2904250688818333
0.0,0.11615577513641304,-0.8102934121919836,0.9744881323113712
0.0,0.9368803527270458,0.3902088240192805,0.04703252881897369
0.0,-0.36514312164176044,-0.9678578977832284,-0.10956299469774644
0.0,-0.15849306453171472,-1.0019176919671975,0.22359770674794419
0.0,-0.3231230572226711,-2.0354763579821835,-0.3273582639111061
1.0,-0.10670085788783616,-1.0309553073979618,-0.8089857927034455
1.0,1.6354307395804935,-0.34237346582162503,-0.9082477635406171
0.0,-0.2752239640396513,0.5460029735080215,0.40040594018120784
1.0,-0.20564056091073418,-0.6365390148318355,-0.46989850178443227
0.0,0.7656865280239186,-0.960690239166223,1.6132626915533104
0.0,1.807186517128117,-0.14389542939929634,-0.348421934499481
1.0,0.051951123571376864,0.3088213796032869,-0.7957794519314878
0.0,-1.243026508725033,0.5515586794489707,1.1553288021344637
1.0,-1.8227957876584056,-0.5114622960265675,-0.22954036707161135
0.0,0.4102563466655665,0.2027687079826551,-0.057610835244867424
0.0,0.4201752275520034,0.8242449984268885,0.14383794089270432
0.0,-0.040171487236620375,-1.9026295973083613,1.090511035244373
1.0,-0.16782426030752876,1.9180665943329582,-0.8286592368521982
0.0,0.014903318767285166,1.5528924947116463,0.3663339333477701
0.0,-0.3365020927333227,-0.9808595685299848,1.381915970670785
0.0,0.45139733533123116,-1.35283344523943,1.1126285035241537
1.0,-1.8512263569595508,-1.1032648765320607,-0.6247988483283674
1.0,-0.04542136484939056,-1.4575532926302388,-1.0662614591981512
0.0,2.4247252155256724,0.05040761457711364,0.6997588999936029
0.0,-1.1753173675624822,-0.22449801739949368,0.7929012542880078
0.0,-0.5621388675520375,-0.9117708916045316,0.7289247541309892
0.0,0.6293572133634071,-0.35260633823472304,-0.23753886391197848
0.0,-0.14819093704221753,-0.14115201816513717,1.8074181233680382
1.0,-1.0047250673529364,0.35152398922985245,-0.37432239277348106
0.0,-1.0044182918276952,-0.32751792576293326,1.4278369232795782
0.0,0.9292578734192792,1.2345962314409624,1.8293935952353744
1.0,-0.623212975633153,-2.0153476616153383,-1.4190606462918487
1.0,2.251718032627995,1.7206617008730882,-0.9959561677172182
1.0,0.18603253686048538,1.1098911016392523,-0.7723387920747335
0.0,0.1877822222410398,-0.9015966571671289,-0.134954806634628
0.0,0.8071883737866541,-0.49319128423914516,1.8637421227405244
1.0,-1.513085434849459,-0.8075085834409259,-0.1861398440913507
0.0,1.2653765371923937,0.32381440724396376,-0.2884659111649817
0.0,1.4404099744430834,0.742227716911315,0.6869676274493884
1.0,0.6072190739902653,1.944717524091081,-0.5166177157920117
1.0,-0.35548006106262986,-0.9516028945394734,-1.5390237843419912
0.0,1.4698415880623712,0.4701111433371273,0.05370995076467691
0.0,-0.3533932101005754,-0.48087818578678043,0.0034268119042103512
1.0,-0.14953317703015215,-0.46125451422695546,0.036928185297543055
1.0,-1.302696971874903,1.2244086185748513,-0.5088796451051548
0.0,0.44878174211048355,0.10974220209752149,1.3287858760405977
0.0,0.4899228388731775,0.1367961610703454,0.9465657050922316
0.0,-1.0694911709245716,0.08627825428991252,0.29606059104264804
0.0,-1.3349618104383674,0.6820276230107194,0.8057095966771254
0.0,1.2196661753958529,-0.07992892577444415,0.9065952319104824
1.0,0.25255889963471934,0.011790346089116364,-0.7942241427378945
0.0,0.5251154187330476,-0.104095036250158,0.07899287308302481
0.0,-1.087319687799231,-1.6387665354601455,0.6116159143176814
0.0,1.2420355496080202,1.769830136695414,-1.1694070536176169
0.0,-0.5678955057044451,-0.7789327397236336,1.08371523516932
0.0,1.5638977878345397,-0.05427048032535714,0.9062088667218858
1.0,-0.4241471944976855,0.04278322825206014,-1.161269796663749
0.0,0.16700144188390437,0.9530377691516145,1.791416231032671
0.0,0.6066525644846397,0.38830174322200023,0.7732103254777074
1.0,-1.7751765905035344,-0.7788423103766139,-0.5276252972705348
0.0,0.5787106779232529,-0.175728132545742,0.14957531815761718
1.0,-1.5360270016684308,-0.02830972357445609,1.086593021098448
1.0,0.4716184359672479,0.5763215950741113,-1.0951096229927033
0.0,-0.4262463821680468,1.3498282483192838,0.41507919121002174
0.0,-0.5584818353188431,-0.6639682784793595,2.071651216615852
1.0,0.10038190965301537,1.2812291653400902,-1.4307252770323877
0.0,-0.4908442202601266,0.019965480521086272,0.4784533729816104
0.0,-0.030436082467576113,0.5677744740484746,1.4488962235060214
1.0,1.7303784437691474,-0.06121959625575252,-1.695349024373678
1.0,-0.8805561419735952,1.0896136458062688,-0.07724652232640777
0.0,-0.6863485645426393,1.052098234334351,0.04358632102152195
0.0,-0.05184560427556219,-1.0946637000144241,0.9784121671570567
0.0,0.4247702830117667,-0.24686207789776934,1.5553348793967616
0.0,-0.3305766329902473,-0.37118417366334044,0.6874966932012377
1.0,-1.2156794895468181,0.41377340091733816,0.7493001766598588
1.0,-0.802668858948,1.1921575294445033,-0.518375714702015
0.0,1.3820621652558185,0.39686781829855344,0.47819314672457247
0.0,0.05364556147225948,-0.535444273566613,0.4043157941768207
1.0,-0.5268719481349512,0.1485339482871558,-1.7590399556517806
1.0,1.0028756201814475,2.4417830630641646,-1.1332693011702495
0.0,-1.0858257564303055,-0.19062161578841016,0.013081243672313956
0.0,-0.4972746654235995,1.8081550208438149,0.5571734802294254
0.0,1.7325707928593497,0.05104964539829299,1.413806039116447
1.0,0.6518747099425586,1.2264328008122196,-1.2853665020634453
0.0,0.6081442834386812,0.18224467304922132,0.7897673541672037
0.0,-0.41375786022217215,0.6339609781913706,0.2934316699134256
1.0,-0.8170416613272176,-0.6602620232921765,0.7917024724709276
1.0,-1.2610083222934578,0.518775049755859,0.14855377541820092
0.0,0.5234862293359913,0.692990797189919,-0.20074165181115666
0.0,0.49097045994947397,-1.5537836971338752,1.2824135240702874
1.0,-1.2682963212201277,-1.7873169558309159,-0.04446367706432943
0.0,1.0463257972707425,0.8765719704892999,-0.27001132092220465
0.0,1.58791246935865,2.155887446146238,-0.43858228685668904
0.0,-0.6101024897515055,-0.2507750612065518,1.516764231941476
0.0,-2.016340402865411,-0.3364367319340644,2.2497166306300214
0.0,-0.49340398942936375,0.036045966490197374,0.5394811060675238
0.0,-0.3017009123178505,0.9846746066505946,-0.2813612320212277
0.0,0.7897667176267292,0.5823588229582355,0.5318153773457789
0.0,0.9020771708655654,1.577916473618777,1.1378806285056888
0.0,1.5005978673615743,0.8952051339326852,-0.0016495899036515346
0.0,-0.7020136439897816,-1.4674115190087047,0.3326355815215239
0.0,0.19432045260506675,0.7071106988887095,0.8832099667013373
0.0,0.10967805295891768,0.9233646284677377,0.45310031881624724
0.0,0.07096416168184125,0.10586903693030293,1.0626146313970182
1.0,0.4786969895739906,-1.591017554461955,-0.6371384182346715
0.0,0.5539000454315546,0.8393166747445292,-0.19361760493182587
0.0,-0.6592057245501709,1.0316701742893384,0.7588204641014344
1.0,0.15029843814871516,0.3035648305598051,-0.921544972686464
0.0,-0.4347877692170289,-0.2678303269217661,-0.04196656043647958
0.0,1.1997397394002303,-0.9471842422828561,0.708776686464392
0.0,-0.02898914246496963,-0.1721536037560755,1.1557940023223372
0.0,0.24421496867973186,-0.5148317858287291,-0.6224535362542295
0.0,1.4161028237304694,-0.0010819254257845253,1.7317341145452418
0.0,-0.017588387389408447,0.6349038774204845,0.7802416696310589
0.0,-0.13579045450134372,0.0951932271009686,0.034350318323162744
0.0,2.063060174427277,-0.37970383211008246,-1.5045880094695152
0.0,0.9236571102014569,0.06543421894878375,0.1326196588631892
0.0,-1.116044779096359,-0.06522278329798271,1.493408472232372
0.0,0.5794161481706922,-0.03386225440141881,0.523064495214768
1.0,0.05029987448763602,-1.7056368186782882,-1.2582207484779402
0.0,0.06134946504596234,0.9155598442314934,-0.06897134130753017
1.0,-1.3791942080621244,-0.1547741329810902,1.1481328537556266
0.0,0.9194838096089608,1.215149970667578,-0.3536074841710002
0.0,2.0370018542787007,0.9829949524169632,-0.6300233200818314
0.0,0.6829726060418413,0.25377824559153644,2.0501605365822457
0.0,1.2000873067187463,-0.19978236629300097,1.1208760148455852
0.0,-1.9214971397153426,-0.4718166224619151,0.9274955443042
0.0,0.13610308676223923,-0.6700137741225731,0.792545627465226
0.0,-1.0989429044238224,0.11832482832025573,0.288605084370125
0.0,-0.1702232590701445,-0.967544172289583,0.1620427008222246
0.0,-0.26312556766224793,1.9556755426482186,2.25388837710181
0.0,1.2230604598527877,-1.0588796787412904,0.42921302109339504
1.0,-0.800007136438546,-0.7442792570901556,-0.9001388288006581
1.0,-0.5991646367315455,0.77275126168671,-0.8239601029981202
0.0,0.16785375325018642,0.19848906969736935,0.6789360808986289
1.0,-1.3768481283089442,0.21245181852292788,-0.6671818504398108
0.0,-0.5434291189180225,-0.9183314023856001,-0.14428491267630306
0.0,0.31006154618539944,1.8514354239918591,0.5765656935221237
0.0,-0.3672978669842208,0.13801908176369662,0.504897125791005
1.0,0.15379950607311849,-2.367890974765163,-0.7353052427077897
0.0,1.7403891086694396,0.7811144824212891,0.8313354657569323
0.0,-0.010174224567216734,0.25462308230440545,-0.43539262153894376
1.0,0.2073714604458771,-0.3217128276297875,-0.7900394652632748
0.0,0.0357105489817681,-0.6645026743247866,-0.06961944248074708
1.0,-0.6529825587428811,-1.2064123389229287,-0.4365598334128616
1.0,-0.4226590238644366,-1.133697518700411,-1.8627836344763409
0.0,-0.6919329681757053,-1.2373759787560357,0.39061645898320907
1.0,1.1493369394090864,-0.27059118590656744,-2.476077278200973
1.0,-0.6453581239559213,-0.6434990888645339,-2.527311197131761
0.0,1.2884864347837048,-0.2388879913140334,1.4311423651135062
0.0,-0.5282558965512086,-0.723540439171381,0.09305663586041105
0.0,0.3709249941756336,-0.6937605434725588,0.9298261570334572
0.0,0.8981210563659512,0.15725764507656076,0.0376747902543456
1.0,0.33426834179884485,-0.25391512709071035,-0.634555728346584
0.0,2.145727666692955,0.1686557300257699,-0.6362216300971147
1.0,0.7308786178773491,0.14284978888548402,-0.4070997228287509
0.0,0.7073987329766805,0.45772881532796617,2.8303591086608675
0.0,0.40612309232777527,1.6198410386541138,0.8207573567965186
1.0,0.061487970194909834,-0.300356000058512,-1.237161234867493
0.0,0.6410026600556832,0.2852206466096141,0.14648374505954384
0.0,0.8410324431105188,-0.3215853842779406,0.5869809310805757
0.0,0.9774318983681229,1.2857940376249104,-0.03200561736558551
0.0,1.0392200435721297,-0.9066125406176583,-0.24860321561854415
0.0,-1.117431286009606,1.3279884586130486,0.4515350412584009
1.0,-2.109483574320677,-1.207285891264056,-0.5484348377073155
0.0,1.2043810060072055,0.15457089557248938,0.041983188479425775
0.0,0.7674990863239489,1.072842217927539,-0.37064770231832306
0.0,0.10488692896701317,0.4792314679105715,1.6872201400061095
0.0,0.8476401937904532,0.7936931271850856,1.003638192578669
0.0,0.8515315205926958,0.27281725510104166,1.6818552774856483
0.0,-0.9186102537537255,-1.6359195945081542,0.7575301291649261
0.0,-0.5285803537220811,-0.22497113804307659,0.8734188256067269
0.0,0.35450967564112223,0.39146088478255936,1.2826792203007202
1.0,-0.4827338886579148,-0.25873277583895776,-2.0309007637316583
0.0,-0.5220629219125229,-1.7172593109968033,0.013388196007483727
0.0,0.6664980794131226,-1.4599969387105383,0.30561507047592973
1.0,0.2750952333673659,-0.5706331998490093,-0.32057332210676986
1.0,-0.9610051553322899,-0.781822327234765,-1.575228222091179
1.0,-0.3493926277378713,-1.3927756223028505,-0.36725078833314345
1.0,-2.378469861971729,-0.1013233281410717,0.4375101817264905
0.0,-0.5763817848714633,0.32422614566359537,1.1661700561019972
0.0,1.569244077185667,-0.5273334176691242,0.4880444558749055
1.0,0.9163851112874994,0.19201592605106188,-0.9647408434694211
1.0,-0.5327944272991384,1.28532689072692,-0.8271051307339352
1.0,-0.22982810849552887,-0.6750580767666046,-0.9335396031496104
0.0,1.507915980091336,-0.8960070199116433,0.6067387746595272
1.0,-2.792353300083589,0.6304070710490038,-1.1843884836520862
0.0,-0.4848774341917552,-0.8623991510041105,0.23698785384692542
0.0,0.5696027602334663,0.8105352367057033,0.7755158072241861
0.0,-2.174220483519967,0.2129773891788751,1.6595448455385375
0.0,0.7630177995197491,-0.35871194535972234,-0.4568575198238813
0.0,0.13644408067445807,0.5367467651531751,0.2953162525257433
1.0,-1.6982935763828673,-1.4532739240767991,-0.2950296476552072
1.0,-0.2974439283966838,0.8665419481356317,-0.8700545194854189
1.0,-1.59337670170635,0.4486232205037966,-1.2773531322533271
1.0,0.5817708440400321,-0.7374611550643164,-1.4811175251808377
0.0,0.5448751382819987,0.7191854315964832,1.1313317264563205
0.0,-1.1028766859662724,-0.3733032392162391,0.30897996733788574
1.0,-1.6514978257013655,-1.244407626090812,1.1283954146044566
0.0,-0.27767407332535987,0.7355351671827998,0.6568010926790058
1.0,-0.22113349125717593,0.21796546147898893,-0.6717229984050356
1.0,1.6030638477580896,-0.9678951032560362,-1.6195988226180917
1.0,-0.4073077604736819,-0.7341933733419734,-0.45445420002417153
1.0,-0.9759643821501977,0.03480247881716096,-0.11987577961834839
0.0,-1.5363730793985406,2.996654020279874,1.5321262838761947
1.0,-1.2414140639250855,-1.2437895176638358,-0.5181397302813382
0.0,-1.5902917295983037,-1.4787301462920843,1.5070544168828643
0.0,-0.5958281237587206,1.5099167792803017,0.3606774910087276
0.0,0.28652950098388674,-0.5650113525034095,-0.1298079444814513
1.0,-0.056650577153906465,0.3964405112100699,-1.5214562788750594
1.0,-1.3762247921265829,-2.599273989573068,-0.7595458066495201
0.0,-0.45490671231725566,0.921761336756729,1.5148623122513414
0.0,-0.3414211463965696,-0.17595282308439017,0.677834132691506
0.0,1.7001267056918294,-0.1703705649239146,1.118922474727873
0.0,-0.2521016471088064,1.147828382235757,-0.7040952525488067
1.0,-1.240052241266865,0.2204038498020356,-1.2785230089508113
0.0,-1.1363835496143153,-0.5575510282658578,1.2717383989735462
1.0,-1.0446243185543715,0.5655731217439844,-0.10297793347931586
0.0,0.4665493223438031,0.6882151063939035,-0.5389638283039421
1.0,-0.5662022378941817,-1.6476977300337463,-0.536532782141167
0.0,0.35664822897828036,-1.0012497475842497,0.7269908327350472
1.0,1.579005773712583,-0.706954529595271,-1.7282636949416839
0.0,-0.6570832123006766,0.39828323675126176,0.9967195408250471
0.0,0.24984863559015041,0.6862871088493847,1.1617208173288867
0.0,0.9954640164201628,-0.06887081009420347,1.601179094696739
0.0,0.4160302132004373,-1.3507350382567953,-0.17541774355715545
1.0,0.06026257454077536,0.4820218010578046,-2.7043500022489506
0.0,-1.659603948761714,0.45154036278334814,0.4769561316890851
0.0,0.20924952845793604,-0.13978575745925845,-0.7557490066474096
0.0,0.735501795211127,-0.6723985835654931,0.47396758663115973
0.0,0.4530219813645947,-0.3741257104320539,-0.47926911034635805
1.0,-0.6828351492987039,-0.5211485062791908,0.010480002992343675
0.0,0.2682935352220247,0.6424673505945491,-0.36255279665553014
0.0,0.4546084817290257,-0.9489763426474043,0.312098227583472
0.0,-0.8443204032881978,0.7086233299005276,0.5050537392145376
1.0,-1.3150798995859148,-0.44246358074412023,-0.3546948151119176
0.0,-0.1518899829835578,-0.8521755371446558,0.3676123314697712
0.0,0.970509412460843,-1.2862241753759067,-0.7205040433969815
0.0,1.277787697253404,1.1032937163456913,0.07204517050407803
1.0,-0.5398874929359162,0.25334912461576575,-1.0193949061651808
0.0,0.30671415772583743,1.7583476627234322,0.9649792481179523
0.0,-0.0170041903430513,0.025590066019676963,0.16245748142317853
1.0,-0.3578810988020094,-0.9692215284475131,-0.2088598156730661
0.0,-0.9298060817374991,0.26282220137886725,0.6213560456985879
0.0,-0.7090279270568837,-0.17941020740705949,0.5401093206344354
1.0,-0.737507287187263,-0.2708847351992769,-0.20397417381438052
0.0,0.9281403006929477,0.24849102103134862,0.6949568552084779
1.0,0.5740218076204904,0.5518577271170667,-1.880275987980833
0.0,0.6945024508039125,0.3847110366822214,1.112543811626752
1.0,0.40673210520416353,-0.23167695179246062,-0.646189392978515
0.0,0.5723344272679802,-0.6520694466691547,-0.2563803786524271
0.0,1.6939627654366132,-0.21524062810664335,-0.6629694411503797
0.0,-0.21680368030030853,1.4722858303402995,0.31542945832387437
0.0,0.7148985502078585,1.7823898670574005,-0.7262623147012004
0.0,0.26045595169149127,-0.9447946779375279,1.2116281557961854
1.0,-1.0842823316774992,0.3254337907276377,0.0445402483911747
0.0,2.224237485269343,-0.18492681262400787,-0.9023793774103406
0.0,-0.5840155995787454,0.7132802644319363,0.3946054498489631
0.0,0.6904481356282588,-0.4852109761321529,0.1639534266993989
1.0,-0.33277338795079886,-1.023594117870491,-1.1408488143362785
0.0,1.5306675573671955,0.6446512406581405,0.4657581208764604
0.0,-0.3583927852737204,1.3082283424851417,-0.15874841541824053
0.0,1.201271649676645,-0.0609605985514132,-0.5609810391873822
0.0,0.9996537569143228,0.8468335879544654,0.574434080120972
1.0,-1.3923760759416528,-0.6121087321282206,0.5689903342029875
1.0,1.0412770777414373,-1.1222132822544117,-1.418869093572856
0.0,-0.9817631621664737,-2.1236175649714792,1.0736468810314805
0.0,0.9383347406387529,-0.05761143205799734,0.5611885424676275
1.0,-0.5893707733661245,-2.655081596570706,-0.011535781724520537
0.0,-0.6608674344429479,-1.359353861665246,-0.36136454177972704
0.0,0.5242787684240172,0.06608413730230069,0.31067237910881235
1.0,-0.3938919429610527,1.1602305149386603,-0.8905294292537136
1.0,-0.39896126401090354,-0.431757168739376,-1.8599377199379619
0.0,0.7457262526780639,0.36674702078164206,1.4986018943579844
0.0,-1.3139125091001662,-0.19567518827524757,2.0081280107050126
1.0,-0.8468301504005554,-1.5292149459290914,0.3746552176171077
1.0,-0.5243610808097746,-0.26064918433786677,-1.1305221942748438
0.0,-0.004914864433028298,-2.4710172547071103,-0.746537680456352
0.0,0.6407093934300189,-0.49910057534803914,2.1910621996046022
1.0,0.20651546843172894,0.7389205222644658,-0.3599235893656724
0.0,-0.1677506367781139,0.6341188279443878,0.4302761707633609
0.0,-0.41004833243912575,1.5768706323677988,1.3230056519337139
0.0,-0.6857836914693949,0.6594631206401802,-0.20864693957538266
0.0,-1.4139579369889628,0.9205683186383735,0.7914602489421854
1.0,0.9765305708629086,0.06108165347474332,-1.4941491533362112
0.0,0.4822165310162674,-0.8214743396538605,-0.22138294421608443
0.0,0.9136354851466046,-0.1049271906767983,-0.36173225009758164
1.0,-2.14007189520573,-0.4650286781296989,-0.7654215720714311
0.0,-0.10665331676823578,0.43632662787357307,0.1312424679395186
1.0,-0.22978433155961234,0.09812958119787739,-2.2662345951260634
1.0,-0.5015232363644587,0.00487595401503054,0.6404978120149023
1.0,-0.6144528371787754,1.3632822414744177,-0.6627084518098408
0.0,-0.03238248316025954,0.7002672567284713,1.5646817684948306
1.0,-1.804693970141465,-0.6203825978928603,0.1473313038400148
1.0,-1.9265595389353716,-1.1511262832045035,-0.0715904582874959
0.0,-0.009557831885288305,0.7622197464858851,0.419489996496925
1.0,-0.7559690737525244,-0.9442493399099955,0.18864155772704466
1.0,-1.5320781111763568,-2.283054200435507,-1.446549328724621
1.0,-1.1594716363134585,0.933852004470604,-0.3044245427049484
1.0,0.5679122831109656,1.5104470000617656,-1.2218787721249882
1.0,-0.789594635356558,-0.42571155440734604,0.14689196747772912
0.0,1.2011967469838696,-1.245601664841714,0.8487003308618026
0.0,-0.9560804601897303,-0.6847546366814762,0.7499331703033342
0.0,0.72983714263333,-0.02798470215518457,0.6580389149341919
0.0,0.2618616762066942,0.899048829999507,-0.8341402034955393
0.0,-0.4573994006622879,-0.2590262382800166,1.675962057035886
0.0,0.6575278190699653,-0.7400827914997538,1.112977491540718
0.0,0.4887197711231257,-0.12792762343058872,0.5274296867002666
1.0,-0.24131680867597538,-0.641413840838575,-0.33316138733963574
0.0,2.318442374637865,-1.0990272583936813,0.4397581249416807
0.0,1.3763497400343945,-0.3523849507974485,1.7068309801849775
1.0,-1.1211154464096298,-1.6300538319031115,-0.836357516574848
1.0,0.7109530954618393,-0.9355783816531061,-0.9650182267824188
1.0,-1.6258303986215379,-0.7801477249014366,-1.0172872019846932
0.0,0.9086971267981998,1.7094521552432544,-0.27188391071158713
1.0,-0.9850040304356622,-0.1349642765405693,-0.43632910475469344
0.0,-1.3635485497587885,0.21146318170687647,0.8965301756492617
0.0,0.24213779588683715,1.3980931601085085,0.006767410748433237
1.0,-0.9006025579680624,1.3490507169982977,-0.3960769699876351
1.0,0.07641983686967617,-0.7954313716739263,-0.1644139148561784
0.0,-0.799896509617185,-0.2602095869728889,1.185868812161293
0.0,-0.49117835980774616,-0.10597000372207559,0.6227592333612506
1.0,1.6701371089276134,0.4731893293682778,-2.6202843790950756
1.0,-0.3359557098808878,3.0776465032628404,-0.6930481518492065
1.0,-0.25116082664772166,-1.9084386196061411,-0.876420000523429
0.0,2.3329332042399638,-0.07492911599102851,0.7283477551729439
0.0,0.2166532867180622,0.4357596494251113,0.5358071703869618
1.0,-0.4740088834889407,0.009371977587132822,-0.4905167981315769
1.0,-0.13767872435097905,1.5212220122328675,-1.4055676921813116
0.0,0.1482670255168268,0.07332036113360388,1.2086909857203842
0.0,0.37410985413632347,-0.25202732419850216,0.9113541930682313
1.0,-0.14661150193367897,0.3368738596066556,-1.8091481375747056
0.0,0.04889934760112034,1.5746733407937872,0.15479032987420402
1.0,0.3740321008506595,0.8501336213298668,-1.9193987026258523
0.0,-1.587764341799176,-0.21432646427439636,1.39784080807209
0.0,-0.7376354314672664,-0.9802721194366101,0.17967907113818063
0.0,0.158948695515965,-0.8715932869913375,0.5812874726448723
1.0,0.42490789413364455,-0.7386453922164773,-1.1592363648760058
0.0,0.12173070535373244,-0.44712585791957615,-0.6846811255436586
1.0,-0.9721616636189359,0.9559060256866088,-1.9558552667162878
1.0,-1.2074057385298183,1.0618107556176744,-0.02186215208613335
0.0,0.5767400555602904,1.8652512855282004,-1.0625485206814616
0.0,-0.40225750253309767,1.967264629589195,0.42082032529787305
0.0,0.8844870972932943,-0.8722708293569983,0.838194462606671
0.0,-0.5815626457234273,-0.325583435093497,-0.4594126286109683
1.0,0.8512653365742987,0.37873238762638367,-0.3403175327706876
0.0,-0.05094940729028739,0.019556074434100585,-0.24476545908859498
0.0,-0.34095305304564927,1.0180553276503077,0.7708186907568999
1.0,-1.4511340640566954,-1.3709625149292874,0.35235053749995815
0.0,-0.08614224797369618,0.12244003593560628,0.6915898895444902
0.0,-0.0666041900327016,1.2604312491478242,1.6410324363557334
0.0,0.7341092648829677,-1.5853368984936766,1.1002819348771193
1.0,-1.8842907677364542,-0.25516447538863546,-0.4522514521599323
0.0,0.22489988483666307,0.48480321578367613,-0.6150835323429189
0.0,0.10915481498104775,1.55062611810109,0.1446985347808787
0.0,0.5309471077040882,0.4146873797369401,2.0432065282169054
0.0,1.1807198779141073,0.5420003904264088,0.46480897032570556
0.0,0.702336404183605,0.5015185038766583,1.0263975880229386
1.0,-0.584695062923505,1.0310977830217434,-0.3760524365807421
0.0,0.5570961879887593,1.120478253437645,0.007469077875231875
1.0,-0.33657586985374727,1.7098631231606038,-1.096777967067987
1.0,0.23211425798092228,-0.8738401032192444,-0.7032945487348682
0.0,0.3296518143875435,-0.4746657258662097,1.3432039889476908
0.0,-0.44192727779145513,-0.10089507881718575,0.31805651507591765
0.0,-0.5602920711632199,0.7965920205738093,0.18223608062244995
0.0,0.6496854247092892,0.14590543906588752,0.4175241277166297
1.0,-0.8042678155381189,0.3877767805936831,0.4088522299417117
0.0,0.9236038370784406,1.6710247842406956,-0.40119772498507567
1.0,-0.9239466817283788,-0.20952856918118534,-0.9278077368343791
0.0,-0.1757777713715602,-0.4633750263892358,0.3678557907114344
1.0,-0.19798927467292154,0.3746777133824479,-0.35482535126490217
1.0,0.24532625713876224,-1.23194887074092,-2.5770797280015505
0.0,-0.5551589976512714,-0.36182059474439704,0.43053317958392423
0.0,1.9514096333461823,-0.7272234947696832,1.249882842094809
0.0,0.09094326075086291,-0.3411770750599865,0.3849618326420933
0.0,0.2636143355129902,-1.104269831935786,1.8664236295874659
1.0,-1.270360028698647,-0.7844962497941455,-1.7722545228856768
0.0,0.009274335965263666,0.10516928349437803,0.5954800827228934
0.0,1.008937277733318,-0.4576679739309495,-0.24421740559305602
0.0,1.567976725522844,0.9292395412395624,1.0247420835030576
1.0,-0.2925793506491602,-0.002972388350292709,-2.075383763153514
1.0,-0.011525234690288343,-0.7630192924731125,-1.8687584529441317
0.0,1.3253043885876943,0.8472015429172054,-0.564189907948854
0.0,-0.5575241703105404,0.24840247370538976,1.2717191109882333
0.0,1.0134708208622298,0.7846036872927625,1.456343753369834
1.0,0.13216671867495555,1.7343549498428903,-1.0600845854796734
0.0,0.1419565334092425,-0.3838436668242073,1.1851392441955173
1.0,-0.3608421076334195,0.16190005746174244,-1.259192800749755
0.0,0.14797303767791137,0.7222856838509155,-0.5344173202989876
1.0,0.6225517830376556,-1.5608653393101275,-0.9437702644952268
0.0,-0.46622102995486836,-0.2592553961606573,-0.35266576687473344
0.0,0.1746763329074188,3.241631019335509,0.6799325251922517
0.0,-0.1681517308872251,1.7587197332925437,1.05172574129717
0.0,1.0728187497976092,-0.3531840138108593,1.6705569858734097
1.0,-1.064463432435042,2.8472629559708835,-2.113414384865721
1.0,-0.5845921604692965,0.536203677201779,0.30968521994632703
0.0,-1.3340194807956736,-0.5351479716437005,0.4171064216278759
0.0,0.662378905202389,-0.14627437582067745,0.6746624043778149
1.0,-0.20420663930602267,-2.159118845124032,-2.4441926770123987
0.0,0.5390723913454628,0.3171573603536335,1.3360474815094379
0.0,0.9477060076659963,1.4263042174820353,0.997470338695734
0.0,0.8588270284391182,1.1420019823217697,1.3838156659172225
1.0,-1.159318849089658,0.29154165369071483,-0.2849047849728396
1.0,-0.20514589304608324,0.6372076484178142,-1.6202383327052392
0.0,0.21273477608990007,2.05408008831398,-0.3810880255877258
0.0,0.07101201032487724,3.1219600123385547,1.3591221085789893
1.0,-1.8219294015437384,-0.7250521435223225,0.6389099188605529
0.0,1.7135542863733713,-0.6925129537934899,0.7730075423160666
0.0,1.3243401307813982,-1.0539165266706592,-0.3485529446430463
0.0,0.006071957109833364,0.3357037133820945,0.6758763452246545
1.0,2.2425076073020076,1.262212428094272,-2.9197269075424646
0.0,-0.8963792387813084,-0.6167907246380803,0.7703927111713654
0.0,-0.2007869977434095,0.3975342482467923,1.4369967336009435
1.0,-0.3921345504357833,2.0410436262545772,-0.8388012768014691
1.0,-1.2041655165535872,0.2092287712887945,-0.6730587450662223
1.0,-0.49896423455650046,-0.07073228331224742,-1.0839973099275753
0.0,0.22315738544275485,1.4026369887388772,1.9159812037492612
1.0,-0.026672497823724075,-0.5155207838545003,0.6081499695791911
0.0,-0.4159928352325411,-0.41298152458610393,-0.05200304792641898
1.0,0.7575534071328759,-0.7566384049010357,-0.6290003949042944
0.0,0.14459400040761317,-0.3663949853841306,0.9046437443402443
0.0,1.2796933246253333,1.1419974033021367,1.4710883152036824
0.0,-0.09342428239788123,0.9960198021573599,1.980662102410217
0.0,-1.0207772471260146,-0.19745272145560222,-0.094505842149619
0.0,-0.07112325775267396,0.05490423752600437,-0.2417114488000395
0.0,0.44170695049948283,-0.6140822298605266,0.42543816512256116
1.0,0.4939778410544434,-2.5916713104138465,-1.1567389217154571
1.0,0.9396702656307793,-0.3385207639073889,-0.5306564787872441
1.0,-0.6779477757503115,-0.430078188268381,-0.3480715157226865
1.0,-0.2229961908086721,-0.4127338712886015,-0.8953262469560415
1.0,-1.5577304048297096,0.8712494014854149,0.541004460112393
0.0,-0.1752624336928662,0.40805827334981626,-0.14332077569624527
1.0,-1.8620558367495152,0.8677935199183542,-0.054340668539914296
1.0,-1.2595600885719007,-0.030252824379455947,-1.2310962978692985
0.0,0.06780692489219207,0.36001308870129434,0.7979675240228656
1.0,-1.8601997646486514,0.11633056715875285,-2.1527183694843286
0.0,0.44238494034457365,0.5504207899585469,0.9384503167393675
0.0,0.03753799154524797,1.48617558547901,0.010487055375828084
1.0,0.6574508725101001,-0.5993020688045949,-0.24538898991120695
0.0,0.9720041498612891,1.362444372678993,1.0589617711061443
1.0,-2.9716519421160874,-0.7917875880599977,-1.1240309930674441
0.0,1.1730159300077072,1.0346388734218537,-0.4319737751858899
0.0,1.434766497162902,1.6628480737662605,1.0459399196951191
0.0,0.7005212598068832,0.9061957496060782,0.7722338314932636
0.0,-0.6233282315791493,0.9768387684083573,1.5441984949524785
0.0,0.7756944222607483,-0.3156435081389282,0.6834770254461808
0.0,1.0040665685459607,-0.37868476296179515,0.5661488678928399
1.0,-1.3699646210403338,-1.1925053385865712,-0.4439221723778958
0.0,0.872965195683433,0.21957145304305528,0.9096563930039673
1.0,-0.800978215967114,-1.4342175122681213,0.08281864733140883
0.0,1.2087987062347838,-0.07265307466962673,0.27338003764788527
1.0,0.7494839461100398,-0.016100218700946977,-1.1632593413934516
0.0,-0.26128530611759354,0.9471632731039723,1.0358974188224181
1.0,0.5398554868740488,1.484824434480131,-1.3362340206817618
0.0,0.05227631304395271,0.08970899590622611,0.06291193608570349
0.0,0.6061327799704364,0.7513361143954096,-0.21744132377094344
1.0,1.7938375904150978,1.2262115589146847,-0.21536617306458047
0.0,-0.3473075977343318,0.029579347302507438,0.05034789825360435
0.0,-1.7664889215504742,-0.31603629555360263,0.482866988106822
0.0,-0.7146000879914643,1.7844496541120394,0.2619368774890037
1.0,-0.24525577070711538,-1.3126760096516241,-2.2595516084407126
0.0,0.2757581954981171,1.3164748122004308,1.507278696159703
0.0,-0.36859097489360765,-0.025660819734293905,0.4027420981477909
0.0,0.21892333247423584,-0.8885905665942543,0.4247495156702385
1.0,0.5328769563966241,-0.564256600523146,-1.0854996019625078
0.0,1.8096535725275034,-1.1170042531235906,0.6457671459552268
0.0,-0.01633557845662081,-1.7351290370466577,0.5496432891907352
0.0,1.646017106190927,-0.5860543237364169,1.5626130819890514
0.0,-0.9893914690586215,-0.41208158216958,0.8657272040676454
0.0,0.03534325967570858,1.4502392805927118,-0.12483318407477947
0.0,1.373913963944563,0.3861508148405288,0.8889351795427956
0.0,0.5568196625905897,0.39623388552471955,-0.19212611090036327
1.0,-1.3066795684127137,2.1967625874112584,-0.8987467885080886
1.0,-0.7137925655257622,0.6927098593122479,0.2510949358231789
1.0,0.46096228529832145,-0.359540815314928,-1.240154860016253
1.0,-1.9900553344079208,1.5458907962656363,-0.5785730206950476
1.0,-0.6192928912375758,1.4120873848027156,-0.6658977738200766
1.0,1.2970144196858209,-0.552568966636363,-1.782427561498164
0.0,0.50095133157371,0.7277001275963394,0.6979074477770841
1.0,-0.3363757768391951,1.1791206063797202,0.2899384598412447
0.0,0.9209391713959644,0.44908850310963416,0.024785289021808477
0.0,0.28174889428169275,-0.5672976442296644,-0.6273353562859
0.0,-0.7422263421217471,1.813257651708663,0.6090219591436551
0.0,-0.42194568405385796,0.9231128155571071,0.02327803687729914
1.0,0.6920713904895022,-0.5071580022346879,-0.27646557042696385
0.0,-0.7203849280120234,-0.6475339350951058,1.1683983533056101
0.0,-0.4539550509198582,0.2866646124378114,1.3739767533816334
0.0,1.7150207602270646,-0.3037993758301188,0.9106148561902699
1.0,-1.0615880563679172,-0.6176659525727777,-0.31645957174041583
0.0,0.7116241916104372,-0.11757458386308063,-0.7724633118596742
0.0,0.7954657046940795,-0.323940744099352,-0.8910812940923827
0.0,1.3968882528937767,0.3835994690394133,0.7204967127326105
0.0,0.7153169914204508,-1.6068475762111682,0.4170861420048755
1.0,0.7125979934117229,1.3346148039161128,-0.9448878448196356
0.0,1.2341246105662136,-0.16078913737908174,-0.19155059234899846
0.0,-0.3603073617674182,-0.20998119170139024,0.4245153902878993
1.0,-0.2169296232314881,0.5424294197150195,0.5034715461240029
1.0,-0.4671839856617057,-1.2342560066403034,-0.3412355959507277
0.0,0.34730997950595216,1.0357835964787552,0.9831900836673628
0.0,0.6831728711085094,0.6787469106217741,0.4034257398181989
0.0,0.8546800515147456,0.9501685187769668,1.1998053523210663
0.0,-0.6736594917785588,-0.9400094388488033,0.6829940786493357
1.0,1.0837492837199707,-1.2809570151018956,-1.1943001869111671
1.0,0.8418499868180116,-0.7394626004483991,-0.8845899516760299
1.0,-1.6947122781944453,0.09817439196476813,-1.6553867989610627
0.0,0.6170998131003402,0.33803127474527395,0.610880482219411
0.0,1.268796875432669,-0.5924649729299856,1.5995767382478727
1.0,-1.7501148477711819,-1.1623036768515942,-2.095950793488697
0.0,0.7131113014760943,0.021867092173082116,-0.9376139897527401
0.0,1.2303946054659405,0.49018929774895725,-0.20433317428210118
1.0,-0.32682374587294505,-0.599531159529247,-1.1618059971121373
0.0,0.19349650631322302,1.4503419125132684,-0.055451163230525555
0.0,0.8817791661652102,1.256180624657558,1.2992880180438418
1.0,0.21085920004354364,1.313894787967014,-1.3488319163593747
1.0,-0.00375611354583719,0.3234404359897415,-1.661085260631253
0.0,0.9324036073568722,-0.24690269210038787,0.3793606456480554
1.0,0.6559495979600352,-1.6112818083149287,-2.2942875778766934
0.0,0.43261196790902773,0.7320283005216563,0.9645068542228894
1.0,-0.8986140973869716,-0.22456266637968134,-0.632465782559065
1.0,-0.6234145832612142,-0.6113456773071182,-1.4976220082744198
0.0,-0.09051184408689451,1.5836015048040117,1.6473761847775832
0.0,0.566185866150831,-0.9345135034223275,0.6528224453399493
0.0,1.198178199578007,-0.3571442388278864,-0.36727526632061
1.0,0.5516282616030943,-0.3199533320923988,-1.294736796216061
1.0,-0.6401442017394926,-1.5190932767205731,-1.0641296913686575
1.0,-0.03649429605511641,0.6352004392928265,-0.15007166120816992
0.0,0.5310189879410209,-0.7845933974823995,0.08660242627328936
0.0,0.5530066481280589,0.21094466142130777,0.9585540467596
0.0,0.14990027899600766,-1.4541927277133346,1.0542627867028451
1.0,-2.0052985473531137,0.786921254441375,-0.5962057658882081
0.0,1.2961189423952635,-0.11863135579954952,1.6723988160985952
1.0,-1.5098375624075813,0.02570640799446521,-0.964942668662716
0.0,1.7832207926357266,-1.0938722032515322,-1.7108177968737033
0.0,0.6523268964481626,0.68070173071926,1.6669290933265148
0.0,1.2245122349992326,-0.08122348883209407,1.0517852013675946
1.0,-1.2757580930057832,0.7514208719090484,1.0371999480542908
0.0,0.4493752850966752,0.7154844335690282,0.7894175698969179
1.0,-0.2737230836752912,0.4161375963018919,-0.21586146225316455
1.0,0.033316478854842006,-0.6616624612577164,-1.6030783435758633
1.0,-1.0487866636902112,0.13669846815131045,0.05790212184651933
0.0,-0.17135868095679188,-0.7587764552831435,1.259786473298263
1.0,-1.1638561074271183,0.5215686072161093,-0.8221696890122324
0.0,-0.2310927070456639,1.7006192258091108,-0.655644585968838
0.0,0.019176900257341326,0.8495869251427601,0.022142468967176906
0.0,-0.8758297275462986,0.7736912515472659,0.6299327611184865
0.0,0.15209192930877896,0.665113713459964,0.7565932255744634
0.0,0.9061830988308256,-0.20596905396182766,0.3179807415201289
0.0,-0.36961279437216393,1.264577136060154,0.9168930149919383
0.0,1.115258280920549,0.021211435404996048,0.7550163718086341
1.0,-0.916460652917676,0.19937117380171104,-0.5386978359510213
0.0,2.668134974725339,0.2279161247083174,-0.5819969745052267
0.0,-0.7629101807250629,-1.074041412660153,-0.4209669799720428
0.0,1.2855729489294132,-0.4650404798794831,0.12278406229750585
0.0,0.5030563122662682,-0.5478641442785941,2.25190519591281
0.0,1.0134345133320786,0.8955609001142278,0.7023310567447405
0.0,0.36362130117525093,0.26310727757080815,-0.38440006672811633
1.0,0.024902105761883543,0.8919385936422605,-0.8553512170494615
0.0,0.5405592826200675,1.0384134625060728,0.7506941192532061
1.0,1.0182927110458222,1.3339834631083711,-0.9476529280798229
1.0,-0.3938924440608617,-0.23972236077590936,-0.5663941995039353
1.0,-1.0194163361455604,-0.3830275621309261,-0.6495205966290771
0.0,0.27704871184172686,1.3320430561316976,0.31861186917694806
0.0,-0.21950724720410175,0.23483505838352756,-0.16529675597919607
0.0,2.049340362632551,0.05208438202096689,-1.0594673005623616
0.0,0.8344866655780478,-1.0079740548223803,0.6758632220958538
1.0,-0.339648198061875,0.19785964038648587,-1.090592586448378
0.0,1.6877935498910939,0.18076440352138873,1.3808196735038647
0.0,0.11308480251235753,0.40536010044143594,-0.5739551226923927
0.0,0.13453915034022987,-1.9087521572890487,0.7069567448360511
0.0,-0.8202789304316097,1.450892427640855,0.7408246139234067
1.0,0.4111453980416899,-0.7499240132803535,-0.3373248134180631
0.0,-0.7287553803438929,1.1599806615206636,1.9091419548346689
0.0,0.3473051512653469,-0.36842596779079184,1.5677921539751165
1.0,0.4485949231514967,0.312779555657399,-0.2194016781074724
0.0,0.6373706768741383,-0.7654934819353725,0.8253954900649936
0.0,-0.9174103239837629,1.3145624164074035,1.4505734823507492
0.0,0.35119953251340424,0.7926565142351849,0.39549584538441157
1.0,-0.6323459803718411,0.19736789188587867,-1.8077599693581696
0.0,-0.22934600882533007,-1.3379021628635328,1.6770332881749408
1.0,-1.46833306634312,1.1094654586156276,-1.2948875042141932
0.0,1.7315891409867155,-0.09191232707742894,0.36047896874281354
1.0,0.413008840229293,0.7779391217290232,-1.1001210300166089
0.0,0.4713017266314345,0.4602130364397518,1.567337947938369
0.0,0.6429291489326387,-1.4537477707445952,-0.5291602056737922
1.0,0.1054281074128682,0.7654393829668158,-1.3314177960145053
1.0,-1.0219836060662304,1.683441313919035,-1.340983331863368
1.0,-0.10941496451858751,-0.020484729131463663,-0.9157675001329486
0.0,-0.18556767353853765,1.022371110717181,1.354852139359899
0.0,-0.9259554251356983,-1.1316923327206636,0.4866007006509489
1.0,-1.1728594024458616,-1.5159485544921663,-0.5654492813774344
1.0,-2.682873371484067,1.1651285255080521,0.0910901687064636
1.0,-0.4994017468464287,-0.20771362186168288,-0.6936418546405152
0.0,1.584510731107994,1.4910212975355468,0.5148776496546879
0.0,0.11092538553019264,0.615986031659371,0.06281211205526042
1.0,-0.5320077710280989,-0.5297703727618498,0.37297332947220285
0.0,-1.2230988457891738,-0.25614912598570627,1.6623562379099277
1.0,0.0807996681467825,0.4433320307251934,-0.4385408070868499
1.0,-0.08883033064480862,0.7879537734304483,-0.4520277443026773
1.0,-2.229046970483695,0.34809681786627045,0.07581876417662044
0.0,0.5952646031314689,-0.9997766756506195,-0.3234011934445652
1.0,-0.34742858418596906,-0.38826467439687495,0.7094046860792486
1.0,-0.4051901813289392,0.021645401144515873,-0.5641346108377391
0.0,0.04197151849271379,-0.3055880031273041,0.7396028272845284
1.0,0.5081581790794204,-1.7641564286858846,-1.5695647007248774
0.0,0.6860867903265324,-1.0859025620955105,-0.3497761919887524
0.0,0.2024812494214196,-0.16607899664350795,1.1937719082869758
0.0,-0.4810376854896579,1.0051814821932787,0.7820973076539588
0.0,0.15417998285792517,-0.555663315942924,0.7413391708576388
0.0,-0.2151198958819859,-0.9355840480945533,-0.4645766597267061
0.0,0.3988602610071094,-0.35563408539160474,-0.5317759924206603
0.0,-0.14303983286775776,-1.1569403243580898,1.365435703547127
0.0,-0.12393527558942266,-1.0098091158862004,0.5663506157164924
0.0,-0.9950560552344508,-0.2159058132065811,0.7293249559045735
0.0,1.0289111781329912,0.2714050602199756,-0.4859795357655836
1.0,0.03136296353990718,1.5047060309582825,-0.8808027663520357
0.0,0.5784899683068866,-0.6140955685315688,0.4827431579201341
0.0,0.27356964077184026,-0.4221280405427894,0.684628939109911
1.0,0.07707170552633098,0.8007437149186435,-1.0360755205953533
0.0,-1.1609939679923396,0.4213690721465584,0.41326970597526114
0.0,1.5204020582214648,1.148778341299421,-0.5244530101697317
0.0,1.9616522687081073,1.050044546678639,0.6673109635390586
1.0,-1.9252838242701409,1.0659839318778561,-0.4315205920898601
0.0,0.5222019691429809,-1.176956421942881,1.073909390427825
1.0,-1.8699913733327076,-0.02010496042521757,-0.6874720814213858
0.0,0.2468339881197909,-0.926102402248302,-1.0158867734099932
1.0,-0.13275539347941895,1.1619619935008982,0.051904885303133884
0.0,0.3782589220170254,-0.19575232914122248,0.09160707513949302
0.0,1.3789518712760538,-0.7082288162442554,1.3228162758224487
1.0,0.22097239598485352,-1.059794719851206,-1.4880864851394386
1.0,0.3344568491256217,-2.649971712960639,-0.3866488357314702
0.0,-0.21567123666055824,-0.8505393042548931,-0.6157511414572251
1.0,-0.23479324328551296,-1.7148315191835002,-0.039767110886213895
1.0,-1.099633158947549,-0.6771276011408509,-0.20730525536797267
0.0,0.718078607557243,1.3437964294332636,1.1808294457510728
0.0,0.7616538832041296,-0.5283286000741074,0.28065919238257336
0.0,-1.568895438880931,0.44428494898153204,1.1848660686955799
1.0,-0.1728029087032171,-1.55602232966604,-1.816349130568657
0.0,-0.29421595867602796,-0.32491239885487144,0.5247416245408116
0.0,1.0493365100793026,1.3543944473280558,-0.6169250390815272
1.0,-0.024816408290122417,0.21484576731378052,-0.9772721961794805
0.0,-0.018948995807065386,1.7245587413211965,2.0542107794566142
0.0,-0.09927445355580128,-1.1607511967418929,1.2692847955607318
1.0,-1.5004083618739,1.6279872169247174,-0.42874399349631853
1.0,0.5206830500260251,1.2502632713243487,-0.36193373795896966
1.0,-0.6117372238618486,-1.1921423355255976,-0.2315007046957756
0.0,-0.03266858627509888,1.6001470509127864,0.5779171057549986
1.0,-0.9083311519253766,-1.4749592768181994,0.18979106457598152
0.0,-0.2288647988960285,1.012529923170881,0.8117322084303977
1.0,0.850448741756151,0.09467145374262624,-1.0175338853032883
1.0,-0.3436853957848452,-2.443791779751741,-1.1020529389151368
1.0,-2.365173837652578,1.098485003745302,-2.0739159310887496
0.0,1.0491006870589235,0.7583899134961983,0.7456291273673904
0.0,0.7745351058098744,-0.5166337882479766,0.5886896863120119
0.0,1.4343317200348797,-2.7939876721094197,-0.6277244954661149
1.0,-0.2909356129651527,1.3332557627892818,-1.3657720717899897
0.0,1.326537393018885,0.7978315745034907,-0.43642833318658103
0.0,-0.8799428135309774,0.2965277821754121,1.704062343762995
0.0,1.9492009317813646,-0.2492777094686821,0.2058442084495948
0.0,-1.9634988254284897,-0.17001733861431337,1.9139810411385876
1.0,0.05448885843289641,-0.2551365738737379,-2.0150400748861697
1.0,-0.6456964057943736,0.9942886759574554,-1.3961669713703218
0.0,1.3024680336507017,0.03301476151459613,0.5413404356689189
0.0,-1.1122586981033167,1.5143539881479915,1.0864329496539098
0.0,0.7235063775766746,0.0871294720209603,0.1733056126155162
1.0,-2.0828551683576197,1.7619743571743915,-0.7519934689298445
0.0,0.5771120731060608,0.08032470564333567,-0.585568380114555
0.0,1.4441648630984878,-1.5715589719005267,1.5731400998535154
0.0,1.2431683855611544,1.5706535053064752,0.29444435891897813
0.0,0.5648820470804949,-0.00046739307699691067,0.11699380404264882
1.0,-2.0988431972316293,0.17288432651978908,0.02595070687876561
0.0,0.9929535751053649,-0.2315722493999416,0.1381971779628861
1.0,-1.0701045193636058,1.269671770991194,0.012167374913887516
1.0,0.3607726824097952,-1.2806703095617973,-2.3792842935837415
0.0,-0.33802954238040145,-1.3891873748918344,0.790767256082623
0.0,0.7144541581819351,1.200153598704666,-0.08928836049815482
0.0,-1.80093726372909,-0.05506370336978389,1.6810938274329772
1.0,-2.009702432011381,-1.0061809168182512,-1.1369011203428492
0.0,-0.36776663028851886,0.8827768809233361,0.4034942725698083
0.0,0.9962127963577353,2.2786088036968226,0.1550218812825532
0.0,-0.8751499110856628,-1.0676978722389012,1.0886613057749295
1.0,-0.45119598384525444,0.7484968845342523,-1.4127182508062102
0.0,0.5382881425042099,2.1420433496599696,-0.22271041487823212
1.0,0.4602066937485325,0.8328414227104538,-0.8558960841462484
1.0,0.783687920408599,-0.8091703805112896,-0.7770485203511509
0.0,-0.3406764071999031,0.553857299536064,0.7426200608807474
0.0,0.5933519724265853,1.1767303268776872,0.687691267133227
0.0,0.392956194075334,-0.7453924438656122,1.003317968675951
0.0,-1.026512155458712,0.6501460093940008,0.8889701621940908
1.0,1.3741003320645473,0.399567121040776,-0.9899711617145217
0.0,0.9178101206173216,-1.4992146597396723,0.6381220592179291
0.0,0.6455379111539887,-1.3087573034739977,1.1726861004212203
0.0,0.3524814239624819,-1.1309473721654428,-0.7072135864274594
1.0,-1.6132863139020093,0.8685670166761719,-1.0653121102887009
0.0,0.4987960385540048,-0.8123608998444867,0.4900060824775147
1.0,-0.49074989991978984,-1.3538203829617803,-3.6920441253424796
0.0,0.09472716747206884,0.12537834784014648,-0.19948302170686696
0.0,0.7882909112471853,1.831301913998041,1.4669554184769413
1.0,-0.9883698170774438,1.1014288179306695,-1.215694718662146
0.0,0.21979318169007273,0.025890770938601777,-0.551913894174684
0.0,-0.6825711152496708,-1.4879285997290643,1.0911699137058326
0.0,-0.4861782948936704,-1.0277294521039662,1.2211489739558448
0.0,-0.9563964589136326,-1.5986387889377407,0.5530089246386244
1.0,1.1607001383288336,-0.9407599525076862,-1.4357214962237064
0.0,-0.09303975707920027,1.7717173751396587,0.689648114355206
0.0,0.19106856040379505,-0.9309289762746216,0.9396607871419868
1.0,0.3470640396232392,-0.3768661113364257,-1.1436992939361135
0.0,0.3673590555631302,-0.9724932264290875,0.03181033465389459
1.0,0.06943400071169739,1.0214882587215777,-1.1462702231176563
0.0,-0.7128665795204108,0.8492484455361432,0.8732306379215165
1.0,0.6531204807060851,-1.1878490496776073,-1.1212000107621793
0.0,-0.7387087815247418,-0.725774287880843,0.4607413266711184
1.0,-0.426211588210629,1.4890536062095645,-1.186924280109645
1.0,1.2638943169326997,-0.17901510114976527,-1.1049607654900093
0.0,0.22839000704226134,0.3426202523371156,0.4856670817858271
1.0,-2.186469349849065,0.5923915809200994,0.1397579710767994
0.0,1.9851769082260071,0.3032854155417268,-0.8481906539426937
0.0,2.460923056058936,-1.453365617866805,-1.2082854937311083
0.0,-0.21585315847147413,-0.5378523372553574,1.2412437482877126
0.0,0.1605672973997358,0.8334539808130317,1.2855828508101448
0.0,1.3525722052635352,-0.6654315220213889,-0.794927580138265
1.0,-1.0968548820691213,-0.8402498903851828,-0.20438267768333185
0.0,0.6763075336067857,-0.05812259486629808,0.5259104599045205
1.0,-0.14086008957062032,2.0127083536670325,-0.1279673892497617
1.0,-0.27615833501177217,-1.6746360157098519,-1.1783034212562373
0.0,0.24528552844743534,-2.061843324491702,1.8246209540459961
0.0,-0.5561685559259321,-0.7027984247257324,1.1492187187268181
1.0,-0.33099015988338737,-0.2199970990967131,0.061682391947133056
0.0,0.7089215482395282,-0.35704191701076216,0.3317771396154037
0.0,-0.24122192307159535,0.3388605968166564,-0.21097166287209032
0.0,0.6488666964364292,-0.5455505975030485,-0.6659904482220433
0.0,0.7120056866693424,0.41356993764708827,0.5309276499544726
0.0,-0.06180431810628797,1.1381164858273378,-0.06310053008216264
0.0,-1.1356940013962067,0.464459201397606,1.5186512449213927
0.0,1.1825732453440787,-1.4608837176769274,1.4180582294471153
0.0,-0.7074202722664311,-0.9250413175476183,1.6019655709654037
1.0,0.5976337214523564,0.23430930145006196,-1.6153819370389255
0.0,-1.2002676156312153,-0.12570461415209427,0.4637490958252758
1.0,0.6515309578532433,0.012892320184150248,-0.6973213799693584
1.0,0.2646154601525393,-0.20072547283602632,-1.390880517864122
1.0,-0.8290708888061755,-0.19167443869659134,-0.47964309877706984
1.0,-0.7325647342132202,-0.9994993500811944,-0.5971336093763105
1.0,0.6590710560864865,0.09495853862727444,-0.6101290000032104
1.0,-0.07337553675149754,1.5818448542604606,0.11046623774064517
0.0,-0.14563158936039194,0.22056376948920736,0.7581621817026268
1.0,-0.05950373515438512,0.43507351170256703,-2.1559306938365133
0.0,0.3366276119125532,0.546753017485798,-0.0060246374943104366
0.0,1.1331009427042666,0.3046885037589118,-0.775542623849517
1.0,-3.0999241621887905,-1.223891814315812,1.0000838300341175
1.0,0.21109283305901094,-1.2585485648612935,-1.2285570606537168
0.0,0.3358439951774085,0.436288320545875,-0.4664432445294341
0.0,-0.4762697057062232,0.007281906995433032,0.22634747957793713
0.0,0.5633234344772617,1.5947898516823709,0.32432895179055793
0.0,1.0449954592069817,-0.6970100615040256,-0.11382901951598291
0.0,1.6799152091172227,1.3802096391379062,-1.0764107725460983
1.0,0.2954730929404827,0.3590749528983949,-1.0186911884235428
0.0,0.27119008348707346,-0.8411839662627681,2.4077618111243653
0.0,-0.40892175913930356,1.9766207473102921,0.4776656057763059
1.0,0.23554055716546812,-0.0976529352043193,-2.527188338795816
1.0,0.23357548888211016,1.8405307124007717,-1.0161864004892947
0.0,0.7927062986116076,-0.4068876865288828,2.320424470273686
1.0,0.5214488876912742,0.1343062458681596,-0.6463730829274016
0.0,-0.6600140156231177,-1.3708310411421567,-0.10054040919020422
0.0,-0.28013256377405027,-0.5438040439436757,0.5373504117559584
1.0,0.7024112471771218,1.0554398708365438,-0.8250788823318811
0.0,1.0041968650255848,0.5770915821098639,-0.06497295155903682
0.0,0.2380646681787884,0.13410277522056607,-0.6533125832451664
1.0,-1.762754528556471,-0.13338947599841053,-1.0828704928320716
1.0,1.2782317905044527,0.42194455603854925,-1.0498396269839838
0.0,-0.3115954017367414,-0.17881243981424447,0.0622089303934969
0.0,-1.701738537348327,-0.025453502292132453,1.4327647883509924
0.0,0.9136670696039801,-0.7042991349380767,0.5920692998243847
0.0,0.890766458886572,0.8419898155932305,0.29582966179017495
1.0,-0.6372604052963199,0.1954345757752082,-0.9830257726973153
0.0,-0.03698537781802585,-1.085371153952601,1.2558746167323005
0.0,-0.3353916896571706,0.7711435308845666,1.1037258063573678
1.0,-1.9559826017622246,-0.10419793176751993,0.3706162624335379
0.0,-0.5909962484474641,0.4740437540256164,0.2246439261514417
0.0,-0.2365506053563939,-0.5001471022438387,1.0171849485339803
0.0,0.3579909125869954,-0.6811768164692094,0.2146976234247816
0.0,-0.19142243469572473,-0.5746345704990576,-0.10361805506616821
0.0,-0.8187863315653177,0.9855267244873367,0.6055961521559445
0.0,-0.512336779140119,0.4748638802152896,0.22524999385137376
1.0,-0.22598245810966966,2.5340338461070946,-1.5775770280791566
0.0,-0.017757396576994575,1.349302544147311,0.5591542223851196
0.0,-1.2903153341745195,-0.5188797069560239,0.7681805842256396
1.0,-0.8919309112174587,0.10239388013309843,-0.18607862708850542
1.0,-0.418664269851242,-0.4724576114684062,0.3818517144534812
0.0,0.8272096919367605,-0.05621417636486724,0.0839331851108009
0.0,1.4092205548715173,0.6216707227566817,-0.2588826229823928
1.0,-1.8690289580088317,0.6544479703229014,1.0377235482461147
0.0,0.7609127948293115,-0.7444947831815227,-0.13818195755839358
0.0,0.022370914599539687,-0.9310914880324868,-0.8374798820963708
0.0,-0.24282039275267686,-0.596387806401446,1.442708562758285
1.0,-0.38982786644256917,0.28965570965202886,-1.6892498779231033
1.0,-0.022617690299958377,-0.006628278546081872,-0.7211036446325193
0.0,0.3754956963355937,0.13565919719684644,-0.8833145800934852
1.0,1.0883497954101249,-0.04624907403125323,-0.8158642832817294
1.0,-0.23008070855857485,2.2602605921629353,-1.8416718523924842
1.0,0.2690029419501482,0.5565254809342084,-0.46372246997685124
0.0,0.11030067562643572,0.06000075086898407,-0.20999543263952586
1.0,-0.4135720389681356,-0.4333981609324923,-0.10728548176724606
1.0,-0.9321927065233259,0.5032804964327134,-0.16356124682785292
1.0,-0.8493226898281847,-0.06638480646645235,-1.2381137604020551
0.0,-0.47241027333441504,0.48546889423849426,-0.11205575969526277
0.0,0.25370365360735864,0.14043628097061203,0.6296117796932728
0.0,0.37706311814285787,0.31583730474233407,-0.27171460873557596
1.0,0.15925030656277225,1.0951975986005462,-1.232588251058521
0.0,1.4510244713464375,0.5482581867237937,-0.23866360624883154
1.0,-1.420639022292445,0.9850830478197716,-1.9510929866392819
1.0,-0.03883142298580347,-0.4906695491707835,-1.4977327052472402
0.0,0.16139138093813116,-0.22027442258494276,-0.03461315860544039
1.0,0.3378377102829781,-0.38181822973159535,-0.2316311008390705
0.0,1.7188672659779254,1.0813738943731663,0.5179058324435714
1.0,0.08231428050138875,-0.18198214770454424,0.007012796766324795
1.0,-0.5596258338032074,-1.0543586653063957,-1.7931869941842136
0.0,-0.2717598136522142,-1.1429968178072218,1.9049449993492056
0.0,1.9281832929257434,0.6677290607855976,-0.6112026062593137
1.0,-0.13972335956913295,0.6411092072840121,-0.950645185775015
0.0,-1.3682093976450593,-1.1325889201763024,0.3933782058105866
0.0,2.3562557557788164,-0.3141951098746687,-0.7947374223380783
0.0,1.656205827660655,-0.020539006640240783,-0.09688572496466419
0.0,-0.43830565166686736,1.650270518660667,1.1323954625575559
0.0,-0.33983126391533464,0.04631800811894141,-0.38195198438160943
0.0,0.394912316746326,-1.7456337755113143,0.4151360757704237
1.0,-1.01043999319157,0.1028457532551956,0.05017290209838002
0.0,-0.2892204609382968,0.1335073828251195,-0.020650600064730257
1.0,-0.7792515800111297,-1.2077312952347181,-0.311887428251356
0.0,-1.171200229630448,-0.49875140096512427,1.0832744136178858
1.0,0.6599618416548999,-1.0604192183438195,-1.0022964445303884
0.0,0.5468884842729612,-0.673962772570614,0.9214114725982447
1.0,-0.8537179442732741,-0.37937775074800095,-0.4840599489380672
0.0,-0.2958614545922883,1.9822850407095394,1.3909124817417544
1.0,-0.1455119658798001,-2.825332255684914,0.1589577850578785
0.0,-0.06753604639772716,1.2860480952979207,0.8405818646998209
1.0,-3.0105222191526497,2.419985491709321,1.0176010480561515
0.0,-1.705966420893533,-0.04990207975267484,1.0036779064129644
1.0,-1.2157128728056081,-1.7574062286345742,0.09699741213854972
0.0,1.1010148690884558,1.7357696995382168,0.6009647569779645
1.0,0.5848022596408662,-0.38474009764347883,-3.3172710321902
0.0,-0.9833616907609153,-0.23810349062908925,1.0404888400425218
0.0,1.693179128500709,-1.188274195328779,0.5263534354925347
0.0,-0.6086761266619456,-0.7936895688460531,0.3975756148564819
0.0,-0.8445959443590981,-0.25380704156615813,0.4716574640798554
0.0,0.2910513162491619,0.49792839619692314,-0.013347006650379625
1.0,1.5095881346040876,-0.730787138880539,-2.506566630347589
0.0,1.3625888246209037,0.0696253786307764,-1.1019129984773195
0.0,-0.37167871891952886,-0.12405398526935785,0.31287188393027615
1.0,0.4000032874972291,-0.22866591602100014,-1.337704544834221
1.0,0.2819982149756179,-2.377175855780028,-0.7378581940468903
1.0,0.39972830250440444,1.269893761410415,-0.6975213185088273
1.0,-0.12011113698656592,0.7424100453995658,-0.0853126199276331
0.0,1.4098968046546416,0.17905741976540632,0.2864674960968747
1.0,-0.2526271131455926,-0.2714152046283318,-0.16744006778882176
1.0,-0.6787812214474734,2.0320457620158323,-1.3244000736560282
0.0,-0.2985826473670663,0.33199830939264124,0.8586772735614311
1.0,-1.385633884686483,1.6510757243643703,-1.9438948692142082
0.0,-0.3554004065232079,-0.9791575897510859,-0.600081764614331
0.0,0.5864368773681263,-0.4760033943029187,-0.9440265485820338
1.0,-1.4708422433670714,0.6903830694572862,-0.305159316821927
0.0,0.04965299039903275,0.318626501297244,-0.6274485929362914
0.0,1.2486168150605876,-1.5845890876741213,-0.7208357338563223
1.0,0.694863992319084,-0.36799425001702235,-1.7591285376370847
0.0,0.3769813386042632,-0.8966481523417054,-0.16332301304122485
0.0,-0.8088781717503954,1.8283608490320147,0.015068793476165292
0.0,0.2722530699289926,0.9885024783041303,1.5506145094887283
1.0,-0.5933293681497342,-0.14176202476229624,-1.2035276730449989
1.0,-0.6390465790126295,1.1439397715051547,-1.1553351054175869
1.0,0.06459050173440768,-0.18796334825397787,-1.247982106109992
0.0,-1.0760669133484486,0.5966225871125947,1.4969658866307525
0.0,0.3489689016495183,-1.5119116786495843,0.16199606143872133
0.0,1.3084370701649057,1.2703260892337787,0.0205084571672517
0.0,0.008182935094717883,1.1899913085187535,0.5279778150843311
1.0,-0.6147845971536611,-3.0505768053970987,-2.0753454840004686
0.0,0.46675608280969755,-1.2146469334128371,0.851065325599066
1.0,-2.2337513218951712,1.3152460961026031,-0.19860622507803027
1.0,-0.09545021143121303,0.016974104160632865,-1.2177334894332188
0.0,0.8188240421922309,-1.5200923070318197,0.9990920318196871
1.0,-0.3270157768625778,0.2874470624025993,-0.5338371340617952
0.0,-1.1643063925456931,-0.15917893216573673,-0.02014823130960923
1.0,-0.9556166447611136,-1.4535015269323148,-0.051184479342735636
1.0,-1.038720145563066,1.0382974960077487,-0.6031637630106328
0.0,-0.7236710956599666,0.23555264470034767,0.6900568472685242
1.0,0.1328108659524222,-1.0903548069651348,-0.9951954814971133
0.0,1.5567510076350646,-0.3668849630886433,1.7312276081080784
0.0,-0.8839388147975628,0.17880916563246835,0.5282018991357662
0.0,1.0446373935300692,-0.0964882174696864,0.9284659822256014
0.0,0.238075919521788,-0.29515782511792954,-0.2041015674117449
0.0,0.48096406817662074,-0.6714929615035283,1.415467248974407
0.0,1.2447009512758855,-0.3522117384420258,0.3612298091539676
0.0,1.5736438547695064,0.9842251023759216,-0.5289927636789888
1.0,1.3271314384751458,-1.202829037432297,-1.4013346680173262
0.0,1.8795286726087967,-1.3775262219011333,0.36962696710847953
0.0,-0.49014938525657203,0.9657301322702033,0.5450579712780047
0.0,-0.5431270441064797,0.05128828948734269,-0.06189378489646123
0.0,0.12635336205716358,0.499508990512453,0.6425038823308797
1.0,0.26604777745168945,-0.713026341208082,0.4672063503602982
0.0,-1.7661331959913955,0.5377247456555238,-0.11616297447489747
0.0,0.23908634557416086,-0.9567764135027372,2.01099718881371
0.0,1.0301578250419359,-1.4096675367010532,0.6117897048930665
0.0,-0.5337360587181686,-1.3846661290625593,1.8670473077215197
0.0,1.2818839333148055,-0.42677155234267655,-0.26016613169913555
1.0,0.05188449705899528,0.580498869211152,-1.3757089459155607
1.0,-1.142486835170507,1.1105582344018816,-0.490161756654403
0.0,0.8646756502185887,-0.6966706299010634,0.05243309136365964
0.0,0.08232201879965834,0.30496580724991496,0.8730143575695773
0.0,-0.5332533528518469,0.7591307307498308,2.8194340328129996
0.0,-0.5523363616114768,-1.1501478305544803,0.5278021147207542
0.0,0.06900895014065939,-0.724674172627662,1.419098736129126
0.0,1.1402725614144102,0.10127988607407039,1.4453790536271731
0.0,0.4137655448018626,0.3030038576318053,0.008128528897711117
1.0,-1.1630773403039298,-0.1457759560456579,0.5657572028218972
1.0,-0.6719021377478128,-1.1065591011191638,-0.9181147544023854
0.0,0.7869235552522643,0.129719219336988,-0.08034245563309973
0.0,2.1795874747160795,-0.24316252684441567,0.05907813425911495
1.0,0.18901458649644842,0.1917678526113525,-1.044783805538663
1.0,0.7750423696659714,-0.4463339255220034,-1.2877245845607972
0.0,-0.4015526708071246,0.4457847676307026,0.8651535963328635
0.0,0.39436753324698354,1.126879980975799,0.5403204559255519
0.0,-1.5210767554191735,-0.971471312951346,0.20355737124798493
1.0,-2.250145696094757,0.031676453792619255,0.10985013999055204
0.0,0.8597368642444387,-0.28758786094126426,0.7369998136486859
1.0,-0.6991309069673562,-0.3857282723357185,-0.8297563739450576
0.0,-0.20110925794297446,0.8434658010978172,0.008304098444670043
0.0,2.7864015951122765,-0.6678053463191833,-0.3754953125798037
1.0,-1.4998656881078847,0.6221880992598812,0.37390851552058296
1.0,-1.3336416629606895,-1.805317674198293,-1.6884747065493644
0.0,-0.555692973583555,0.5558579288060694,0.7618783394727189
1.0,-0.149992911022689,0.9430433171230688,-0.2216668175394727
0.0,0.695082369308656,0.1361537756907447,0.9970148259995799
