quarter,employment_monetary,employment_productivity,output_monetary,output_productivity,vacancies_monetary,vacancies_productivity,separation_monetary,separation_productivity,tightness_monetary,tightness_productivity,job_finding_monetary,job_finding_productivity
0,0.0005376441019179983,0.001807165271473213,0.0006720551273974979,0.003614330542946426,0.0015059710595610107,0.0029632728827268715,-0.00026882205095899917,-0.0005421495814419638,0.001075855778026612,0.001517540665548301,0.0007530990446186284,0.0010622784658838107
1,0.0028665511819279156,0.006071358068416199,0.0035831889774098945,0.012142716136832397,0.0049088679510573986,0.0063706183061814975,-0.0014332755909639578,-0.0018214074205248594,0.002615627005515066,0.0015135318514485378,0.0018309389038605461,0.0010594722960139765
2,0.00836311427009247,0.01146422226157458,0.010453892837615589,0.02292844452314916,0.008927094360845919,0.00805976752767207,-0.004181557135046235,-0.0034392666784723736,0.002236602944771942,-0.0011116102815875942,0.0015656220613403592,-0.000778127197111316
3,0.0151086471295786,0.014762709359507428,0.01888580891197325,0.029525418719014856,0.010845766592085325,0.007652590869786464,-0.0075543235647893,-0.0044288128078522285,-0.0012411511115775556,-0.004157576617819479,-0.0008688057781042888,-0.0029103036324736355
4,0.018768895825595554,0.015093603695029899,0.023461119781994444,0.030187207390059798,0.01018258433322927,0.006390894746788171,-0.009384447912797777,-0.00452808110850897,-0.004832532327247174,-0.0056839882092357494,-0.003382772629073022,-0.003978791746465024
5,0.018363115147053837,0.013987476401965408,0.022953893933817297,0.027974952803930815,0.008482095030282164,0.005145634785626617,-0.009181557573526919,-0.004196242920589622,-0.006208397087360906,-0.0060443463359457095,-0.004345877961152634,-0.004231042435161997
6,0.01614629197691376,0.012638107244062988,0.0201828649711422,0.025276214488125975,0.006826824759470832,0.004118720165981885,-0.00807314598845688,-0.0037914321732188962,-0.006090208822060175,-0.005991765629268506,-0.004263146175442122,-0.004194235940487954
7,0.013790186156768854,0.011377615025877577,0.01723773269596107,0.022755230051755154,0.0054642252294274055,0.0032950577307991526,-0.006895093078384427,-0.0034132845077632728,-0.005567923695987678,-0.00580703428990291,-0.003897546587191374,-0.004064924002932037
8,0.011726082908214707,0.010239975920310286,0.014657603635268386,0.020479951840620573,0.004371482181058981,0.002636047836339089,-0.0058630414541073535,-0.003071992776093086,-0.005009384145512785,-0.00555593289990914,-0.0035065689018589493,-0.0038891530299363978
9,0.00996733366800979,0.009215980805828907,0.012459167085012239,0.018431961611657815,0.0034971878094718924,0.0021088382874199984,-0.004983666834004895,-0.002764794241748672,-0.004476679124935939,-0.005263946357243128,-0.003133675387455157,-0.0036847624500701893
10,0.008472236921207854,0.008294382752769107,0.01059029615150982,0.016588765505538214,0.0027977502705134227,0.0016870706300478665,-0.004236118460603927,-0.002488314825830732,-0.003980039266452861,-0.004948435572167419,-0.0027860274865170024,-0.003463904900517193
11,0.00720140141972413,0.007464944477659998,0.009001751774655163,0.014929888955319996,0.0022382002165505727,0.0013496565040386674,-0.003600700709862065,-0.0022394833432979994,-0.003522920919228732,-0.004622299078089332,-0.002466044643460112,-0.003235609354662532
12,0.006121191206989246,0.006718450029894559,0.0076514890087365575,0.013436900059789118,0.0017905601732409262,0.0010797252032309346,-0.003060595603494623,-0.0020155350089683674,-0.003106392792350471,-0.0042950348206847126,-0.00217447495464533,-0.0030065243744792987
13,0.005203012525941607,0.006046605026905104,0.006503765657427009,0.012093210053810208,0.001432448138592742,0.0008637801625847477,-0.0026015062629708035,-0.0018139815080715311,-0.0027299618821605438,-0.003973503858939336,-0.0019109733175123806,-0.002781452701257535
14,0.004422560647050368,0.005441944524214593,0.00552820080881296,0.010883889048429187,0.0011459585108741935,0.0006910241300677983,-0.002211280323525184,-0.001632583357264378,-0.002392090006766101,-0.0036625314893038766,-0.0016744630047362706,-0.0025637720425127136
15,0.0037591765499928125,0.004897750071793134,0.004698970687491016,0.009795500143586268,0.0009167668086993548,0.0005528193040542387,-0.0018795882749964063,-0.0014693250215379401,-0.0020905744312948956,-0.003365380753380269,-0.0014634021019064268,-0.002355766527366188
16,0.0031953000674938906,0.004407975064613821,0.003994125084367363,0.008815950129227642,0.0007334134469594839,0.00044225544324339095,-0.0015976500337469453,-0.0013223925193841463,-0.0018228266070356288,-0.0030841246084476657,-0.00127597862492494,-0.0021588872259133657
17,0.002716005057369807,0.003967177558152439,0.0033950063217122587,0.007934355116304878,0.0005867307575675872,0.0003538043545947128,-0.0013580025286849034,-0.0011901532674457316,-0.0015860732883282585,-0.002819937691927239,-0.0011102513018297808,-0.001973956384349067
18,0.002308604298764336,0.003570459802337195,0.0028857553734554196,0.00714091960467439,0.00046938460605406977,0.00028304348367577025,-0.001154302149382168,-0.0010711379407011585,-0.001377498832957399,-0.0025733243581939863,-0.0009642491830701793,-0.0018013270507357903
19,0.0019623136539496855,0.0032134138221034756,0.0024528920674371066,0.006426827644206951,0.00037550768484325586,0.0002264347869406162,-0.0009811568269748427,-0.0009640241466310427,-0.0011943432383164927,-0.0023442962707421644,-0.0008360402668215448,-0.001641007389519515
20,0.0016679666058572325,0.0028920724398931283,0.0020849582573215404,0.005784144879786257,0.00030040614787460473,0.000181147829552493,-0.0008339833029286163,-0.0008676217319679385,-0.0010339671368111813,-0.0021325101223620096,-0.0007237769957678269,-0.0014927570856534066
21,0.0014177716149786476,0.0026028651959038155,0.0017722145187233094,0.005205730391807631,0.00024032491829968378,0.0001449182636419944,-0.0007088858074893238,-0.0007808595587711447,-0.0008938923736832344,-0.001937373893081058,-0.000625724661578264,-0.0013561617251567405
22,0.0012051058727318505,0.002342578676313434,0.001506382340914813,0.004685157352626868,0.00019225993463974704,0.00011593461091359553,-0.0006025529363659252,-0.0007027736028940302,-0.0007718247635457333,-0.0017581283301371519,-0.0005402773344820133,-0.0012306898310960061
23,0.0010243399918220728,0.002108320808682091,0.0012804249897775911,0.004216641617364182,0.00015380794771179766,9.274768873087643e-05,-0.0005121699959110364,-0.0006324962426046272,-0.0006656640457458606,-0.0015939089582147964,-0.0004659648320221024,-0.0011157362707503574
24,0.0008706889930487618,0.0018974887278138818,0.0010883612413109525,0.0037949774556277635,0.00012304635816943812,7.419815098470115e-05,-0.0004353444965243809,-0.0005692466183441645,-0.0005735048362695713,-0.0014437928312664042,-0.0004014533853886999,-0.0010106549818864829
25,0.0007400856440914475,0.0017077398550324936,0.0009251070551143096,0.003415479710064987,9.84370865355505e-05,5.935852078776092e-05,-0.00037004282204572376,-0.0005123219565097481,-0.0004936314287376076,-0.001306833363238234,-0.0003455420001163253,-0.0009147833542667638
26,0.0006290727974777304,0.0015369658695292443,0.0007863409968471631,0.0030739317390584887,7.87496692284404e-05,4.748681663020874e-05,-0.0003145363987388652,-0.00046108976085877326,-0.00042450856875374395,-0.0011820858789931869,-0.00029715599812762077,-0.0008274601152952307
27,0.0005347118778560708,0.0013832692825763199,0.0006683898473200887,0.0027665385651526398,6.299973538275233e-05,3.7989453304166995e-05,-0.0002673559389280354,-0.00041498078477289593,-0.00036476976690210435,-0.001068625972756889,-0.000255338836831473,-0.0007480381809298223
28,0.0004545050961776602,0.0012449423543186879,0.0005681313702220754,0.0024898847086373757,5.039978830620187e-05,3.0391562643333597e-05,-0.0002272525480888301,-0.0003734827062956063,-0.00031320428863592634,-0.0009655623208116169,-0.0002192430020451484,-0.0006758936245681318
29,0.00038632933175101114,0.001120448118886819,0.00048291166468876403,0.002240896237773638,4.0319830644961496e-05,2.4313250114666878e-05,-0.00019316466587550557,-0.0003361344356660457,-0.00026874363475584744,-0.0008720452449947883,-0.0001881205443290932,-0.0006104316714963518
30,0.00032837993198835943,0.0010084033069981371,0.0004104749149854494,0.0020168066139962743,3.22558645159692e-05,1.9450600091733505e-05,-0.00016418996599417972,-0.00030252099209944114,-0.00023044808107471835,-0.0007872720455067762,-0.00016131365675230283,-0.0005510904318547433
31,0.00027912294219010553,0.0009075629762983234,0.000348903677737632,0.0018151259525966469,2.580469161277536e-05,1.5560480073386806e-05,-0.00013956147109505277,-0.00027226889288949703,-0.00019749366213930907,-0.0007104899009652719,-0.00013824556349751634,-0.0004973429306756903
32,0.0002372545008615897,0.0008168066786684911,0.00029656812607698716,0.0016336133573369822,2.064375329022029e-05,1.2448384058709445e-05,-0.00011862725043079485,-0.0002450420036005473,-0.00016915984739905148,-0.0006409969588760835,-0.00011841189317933602,-0.0004486978712132584
33,0.00020166632573235125,0.000735126010801642,0.00025208290716543906,0.001470252021603284,1.6515002632176232e-05,9.958707246967556e-06,-0.00010083316286617563,-0.0002205378032404926,-0.00014481805795370478,-0.0005781421013943461,-0.00010137264056759334,-0.00040469947097604225
34,0.00017141637687249857,0.0006616134097214778,0.00021427047109062318,0.0013232268194429556,1.3212002105740986e-05,7.966965797574046e-06,-8.570818843624928e-05,-0.00019848402291644334,-0.0001239210993922579,-0.0005213237619796082,-8.674476957458052e-05,-0.0003649266333857257
35,0.00014570392034162378,0.00059545206874933,0.0001821299004270297,0.00119090413749866,1.056960168459279e-05,6.373572638059237e-06,-7.285196017081189e-05,-0.000178635620624799,-0.00010599353458870624,-0.00046998808236140477,-7.419547421209436e-05,-0.00032899165765298334
36,0.0001238483322903802,0.000535906861874397,0.00015481041536297526,0.001071813723748794,8.455681347674232e-06,5.0988581104473896e-06,-6.19241661451901e-05,-0.00016077205856231908,-9.062298448462994e-05,-0.00042362663138907023,-6.343608913924096e-05,-0.00029653864197234914
37,0.00010527108244682317,0.00048231617568695733,0.00013158885305852895,0.0009646323513739147,6.764545078139386e-06,4.079086488357912e-06,-5.263554122341159e-05,-0.0001446948527060872,-7.745232087931916e-05,-0.00038177385406120795,-5.4216624615523404e-05,-0.00026724169784284556
38,8.94804200797997e-05,0.0004340845581182616,0.0001118505250997496,0.0008681691162365232,5.4116360625115085e-06,3.2632691906863296e-06,-4.474021003989985e-05,-0.00013022536743547848,-6.617270000132825e-05,-0.000344004377303923,-4.6320890000929776e-05,-0.00024080306411274608
39,7.605835706782974e-05,0.00039067610230643547,9.507294633478716e-05,0.0007813522046128709,4.329308850009207e-06,2.610615352549064e-06,-3.802917853391487e-05,-0.00011720283069193064,-5.651737680425459e-05,-0.0003099302664925993,-3.9562163762978206e-05,-0.0002169511865448195
